,loan_id,account_id,loan_date,amount,loan_duration,payments,loan_success,disp_id,disposition_type,account_frequency,account_creation,account_district code ,account_district region,account_district no. of inhabitants,account_district no. of municipalities with inhabitants < 499 ,account_district no. of municipalities with inhabitants 500-1999,account_district no. of municipalities with inhabitants 2000-9999 ,account_district no. of municipalities with inhabitants >10000 ,account_district no. of cities ,account_district ratio of urban inhabitants ,account_district average salary ,account_district unemploymant rate '95 ,account_district unemploymant rate '96 ,account_district no. of enterpreneurs per 1000 inhabitants ,account_district no. of commited crimes '95 ,account_district no. of commited crimes '96 ,age,women,birthday,client_district code ,client_district region,client_district no. of inhabitants,client_district no. of municipalities with inhabitants < 499 ,client_district no. of municipalities with inhabitants 500-1999,client_district no. of municipalities with inhabitants 2000-9999 ,client_district no. of municipalities with inhabitants >10000 ,client_district no. of cities ,client_district ratio of urban inhabitants ,client_district average salary ,client_district unemploymant rate '95 ,client_district unemploymant rate '96 ,client_district no. of enterpreneurs per 1000 inhabitants ,client_district no. of commited crimes '95 ,client_district no. of commited crimes '96 
0,5314,1787,930705,96396,12,8033,-1,2166,OWNER,weekly issuance,930322,30,west Bohemia,94812,15,13,8,2,10,81.8,9650,3.38,3.67,100,2985,2804,51,True,470722,30,west Bohemia,94812,15,13,8,2,10,81.8,9650,3.38,3.67,100,2985,2804
1,5316,1801,930711,165960,36,4610,1,2181,OWNER,monthly issuance,930213,46,east Bohemia,112709,48,20,7,3,10,73.5,8369,1.79,2.31,117,2854,2618,30,False,680722,46,east Bohemia,112709,48,20,7,3,10,73.5,8369,1.79,2.31,117,2854,2618
2,6863,9188,930728,127080,60,2118,1,11006,OWNER,monthly issuance,930208,45,east Bohemia,77917,85,19,6,1,5,53.5,8390,2.28,2.89,132,2080,2122,62,False,360602,45,east Bohemia,77917,85,19,6,1,5,53.5,8390,2.28,2.89,132,2080,2122
3,5325,1843,930803,105804,36,2939,1,2235,OWNER,monthly issuance,930130,12,central Bohemia,107870,84,29,6,1,6,58.0,8754,3.83,4.31,137,3804,3868,58,True,400420,14,south Bohemia,177686,69,27,10,1,9,74.8,10045,1.42,1.71,135,6604,6295
4,7240,11013,930906,274740,60,4579,1,13231,OWNER,weekly issuance,930214,1,Prague,1204953,0,0,0,1,1,100.0,12541,0.29,0.43,167,85677,99107,20,False,780907,63,south Moravia,86513,38,36,5,1,5,50.5,8288,3.79,4.52,110,1562,1460
5,6687,8261,930913,87840,24,3660,1,9892,OWNER,monthly issuance,930512,13,central Bohemia,53921,61,22,1,1,2,41.3,8598,2.77,3.26,123,1597,1875,18,True,800216,13,central Bohemia,53921,61,22,1,1,2,41.3,8598,2.77,3.26,123,1597,1875
6,7284,11265,930915,52788,12,4399,1,13537,OWNER,monthly issuance,930114,15,south Bohemia,58796,22,16,7,1,5,51.9,9045,3.13,3.6,124,1845,1879,25,False,730216,15,south Bohemia,58796,22,16,7,1,5,51.9,9045,3.13,3.6,124,1845,1879
7,6111,5428,930924,174744,24,7281,-1,6551,OWNER,monthly issuance,930414,24,west Bohemia,122603,25,21,6,2,8,80.0,8991,1.39,2.01,128,5198,5273,50,True,480812,24,west Bohemia,122603,25,21,6,2,8,80.0,8991,1.39,2.01,128,5198,5273
8,7235,10973,931013,154416,48,3217,1,13182,OWNER,weekly issuance,930420,18,south Bohemia,70699,60,13,2,1,4,65.3,8968,2.83,3.35,131,1740,1910,29,True,690525,18,south Bohemia,70699,60,13,2,1,4,65.3,8968,2.83,3.35,131,1740,1910
9,5997,4894,931104,117024,24,4876,1,5911,OWNER,monthly issuance,930620,14,south Bohemia,177686,69,27,10,1,9,74.8,10045,1.42,1.71,135,6604,6295,63,False,351003,14,south Bohemia,177686,69,27,10,1,9,74.8,10045,1.42,1.71,135,6604,6295
10,7121,10364,931110,21924,36,609,1,12446,OWNER,monthly issuance,930117,55,south Moravia,157042,49,70,18,0,9,33.9,8743,1.88,2.43,111,3659,3894,38,False,600820,55,south Moravia,157042,49,70,18,0,9,33.9,8743,1.88,2.43,111,3659,3894
11,6077,5270,931122,79608,24,3317,1,6367,OWNER,monthly issuance,930113,44,east Bohemia,105606,77,26,7,2,7,53.0,8254,2.79,3.76,97,2166,2325,28,False,700428,44,east Bohemia,105606,77,26,7,2,7,53.0,8254,2.79,3.76,97,2166,2325
12,6228,6034,931201,464520,60,7742,-1,7291,OWNER,weekly issuance,930319,6,central Bohemia,77963,60,23,4,2,4,51.5,8546,2.95,4.02,126,2640,3120,58,True,401202,77,north Moravia,148545,8,35,12,3,4,53.5,8909,4.01,5.56,113,3460,3590
13,6356,6701,931208,95400,36,2650,1,8091,OWNER,weekly issuance,930315,49,east Bohemia,75685,31,28,5,1,9,60.8,8208,1.89,2.26,155,1660,2123,27,False,710210,5,central Bohemia,95616,65,30,4,1,6,51.4,9307,3.85,4.43,118,2616,3040
14,5523,2705,931208,93888,36,2608,1,3264,OWNER,issuance after transaction,930705,63,south Moravia,86513,38,36,5,1,5,50.5,8288,3.79,4.52,110,1562,1460,48,True,501020,63,south Moravia,86513,38,36,5,1,5,50.5,8288,3.79,4.52,110,1562,1460
15,6456,7123,931209,47016,12,3918,1,8598,OWNER,issuance after transaction,930414,64,south Moravia,197099,29,41,10,2,10,74.7,9624,1.60,2.31,145,4484,4265,41,True,571231,46,east Bohemia,112709,48,20,7,3,10,73.5,8369,1.79,2.31,117,2854,2618
16,7104,10320,931213,259740,60,4329,1,12387,OWNER,monthly issuance,930711,68,north Moravia,228848,15,40,18,2,6,57.2,9893,4.09,4.72,96,5623,5887,19,False,790316,68,north Moravia,228848,15,40,18,2,6,57.2,9893,4.09,4.72,96,5623,5887
17,6820,9034,931216,38148,12,3179,1,10818,OWNER,monthly issuance,930628,1,Prague,1204953,0,0,0,1,1,100.0,12541,0.29,0.43,167,85677,99107,33,True,650122,1,Prague,1204953,0,0,0,1,1,100.0,12541,0.29,0.43,167,85677,99107
18,6876,9236,931221,86616,12,7218,1,11064,OWNER,monthly issuance,930818,11,central Bohemia,75637,35,36,9,0,7,36.5,9622,0.45,0.59,154,3475,3529,37,False,610928,11,central Bohemia,75637,35,36,9,0,7,36.5,9622,0.45,0.59,154,3475,3529
19,7097,10266,931223,75624,24,3151,-1,12317,OWNER,monthly issuance,930610,54,south Moravia,387570,0,0,0,1,1,100.0,9897,1.60,1.96,140,18721,18696,40,False,581207,54,south Moravia,387570,0,0,0,1,1,100.0,9897,1.60,1.96,140,18721,18696
20,4959,2,940105,80952,24,3373,1,2,OWNER,monthly issuance,930226,1,Prague,1204953,0,0,0,1,1,100.0,12541,0.29,0.43,167,85677,99107,53,False,450204,1,Prague,1204953,0,0,0,1,1,100.0,12541,0.29,0.43,167,85677,99107
21,6499,7401,940105,80952,24,3373,1,8865,OWNER,monthly issuance,930226,1,Prague,1204953,0,0,0,1,1,100.0,12541,0.29,0.43,167,85677,99107,53,False,450204,1,Prague,1204953,0,0,0,1,1,100.0,12541,0.29,0.43,167,85677,99107
22,5479,2486,940110,24516,12,2043,1,3001,OWNER,monthly issuance,930227,1,Prague,1204953,0,0,0,1,1,100.0,12541,0.29,0.43,167,85677,99107,40,False,581007,1,Prague,1204953,0,0,0,1,1,100.0,12541,0.29,0.43,167,85677,99107
23,5170,1071,940120,253200,60,4220,1,1286,OWNER,weekly issuance,930510,68,north Moravia,228848,15,40,18,2,6,57.2,9893,4.09,4.72,96,5623,5887,48,True,500313,52,east Bohemia,139012,59,41,8,3,10,61.9,8363,2.52,3.49,108,2564,2799
24,6721,8475,940121,21072,24,878,1,10151,OWNER,monthly issuance,930908,4,central Bohemia,149893,63,29,6,2,6,67.4,9753,4.64,5.05,109,5244,5892,34,True,640809,17,south Bohemia,74062,99,15,4,2,7,61.4,8114,2.38,2.62,119,1003,1181
25,7259,11111,940131,108144,36,3004,1,13349,OWNER,monthly issuance,930520,1,Prague,1204953,0,0,0,1,1,100.0,12541,0.29,0.43,167,85677,99107,35,True,630512,59,south Moravia,108871,41,29,7,2,6,62.1,8444,3.24,3.47,106,2595,2305
26,5285,1603,940206,78936,12,6578,1,1944,OWNER,monthly issuance,930509,1,Prague,1204953,0,0,0,1,1,100.0,12541,0.29,0.43,167,85677,99107,41,True,570122,31,west Bohemia,51313,34,12,3,1,4,59.2,8930,3.52,4.2,108,1328,1452
27,5189,1166,940207,149040,48,3105,1,1404,OWNER,monthly issuance,930421,11,central Bohemia,75637,35,36,9,0,7,36.5,9622,0.45,0.59,154,3475,3529,30,True,681220,11,central Bohemia,75637,35,36,9,0,7,36.5,9622,0.45,0.59,154,3475,3529
28,6650,8073,940217,49320,12,4110,-1,9665,OWNER,issuance after transaction,930903,24,west Bohemia,122603,25,21,6,2,8,80.0,8991,1.39,2.01,128,5198,5273,53,True,451003,24,west Bohemia,122603,25,21,6,2,8,80.0,8991,1.39,2.01,128,5198,5273
29,7226,10940,940223,197748,36,5493,1,13139,OWNER,monthly issuance,930913,50,east Bohemia,102609,75,33,2,3,6,52.0,8187,4.83,5.45,94,2123,2134,28,True,700505,13,central Bohemia,53921,61,22,1,1,2,41.3,8598,2.77,3.26,123,1597,1875
30,6087,5313,940227,300660,60,5011,1,6417,OWNER,monthly issuance,930429,40,north Bohemia,128118,9,16,6,3,8,85.3,9317,6.49,7.07,97,6949,6872,48,False,500107,40,north Bohemia,128118,9,16,6,3,8,85.3,9317,6.49,7.07,97,6949,6872
31,7262,11135,940301,182628,36,5073,1,13379,OWNER,monthly issuance,931010,75,north Moravia,138032,67,30,4,2,5,64.6,8819,5.38,5.66,99,4063,4505,39,False,590523,75,north Moravia,138032,67,30,4,2,5,64.6,8819,5.38,5.66,99,4063,4505
32,5519,2694,940308,91632,12,7636,1,3251,OWNER,monthly issuance,930308,7,central Bohemia,94725,38,28,1,3,6,63.4,9920,2.26,2.87,130,4289,4846,36,True,621228,52,east Bohemia,139012,59,41,8,3,10,61.9,8363,2.52,3.49,108,2564,2799
33,6577,7753,940311,51696,24,2154,1,9285,OWNER,monthly issuance,930208,74,north Moravia,323870,0,0,0,1,1,100.0,10673,4.75,5.44,100,18782,18347,30,True,680128,74,north Moravia,323870,0,0,0,1,1,100.0,10673,4.75,5.44,100,18782,18347
34,6509,7445,940315,55368,24,2307,1,8918,OWNER,monthly issuance,930318,64,south Moravia,197099,29,41,10,2,10,74.7,9624,1.60,2.31,145,4484,4265,59,True,391225,64,south Moravia,197099,29,41,10,2,10,74.7,9624,1.60,2.31,145,4484,4265
35,6520,7485,940316,91200,24,3800,1,8965,OWNER,monthly issuance,930728,39,north Bohemia,119895,17,4,3,2,4,89.9,10446,7.34,9.4,90,4947,4743,43,True,550826,39,north Bohemia,119895,17,4,3,2,4,89.9,10446,7.34,9.4,90,4947,4743
36,6699,8330,940330,7656,24,319,1,9979,OWNER,monthly issuance,930328,48,east Bohemia,78955,50,24,8,1,9,59.0,9060,1.78,2.44,124,1655,1717,36,True,620903,48,east Bohemia,78955,50,24,8,1,9,59.0,9060,1.78,2.44,124,1655,1717
37,6336,6555,940331,212400,36,5900,1,7914,OWNER,weekly issuance,930305,38,north Bohemia,85852,41,23,4,2,4,59.8,8965,7.08,8.23,104,2653,2822,32,True,661024,38,north Bohemia,85852,41,23,4,2,4,59.8,8965,7.08,8.23,104,2653,2822
38,7055,10079,940406,167100,60,2785,1,12088,OWNER,monthly issuance,930506,62,south Moravia,145688,22,41,13,2,5,40.7,8544,1.29,1.86,109,2719,2906,28,True,700117,62,south Moravia,145688,22,41,13,2,5,40.7,8544,1.29,1.86,109,2719,2906
39,6103,5385,940407,149340,60,2489,1,6499,OWNER,weekly issuance,930521,44,east Bohemia,105606,77,26,7,2,7,53.0,8254,2.79,3.76,97,2166,2325,35,False,630201,44,east Bohemia,105606,77,26,7,2,7,53.0,8254,2.79,3.76,97,2166,2325
40,6202,5891,940418,65184,12,5432,1,7127,OWNER,monthly issuance,930125,54,south Moravia,387570,0,0,0,1,1,100.0,9897,1.60,1.96,140,18721,18696,41,False,570929,3,central Bohemia,75232,55,26,4,1,5,41.7,8980,1.95,2.21,111,2824,2813
41,7066,10131,940502,215388,36,5983,-1,12156,OWNER,monthly issuance,931127,1,Prague,1204953,0,0,0,1,1,100.0,12541,0.29,0.43,167,85677,99107,39,False,591217,39,north Bohemia,119895,17,4,3,2,4,89.9,10446,7.34,9.4,90,4947,4743
42,6696,8321,940509,89040,60,1484,1,9967,OWNER,monthly issuance,930412,77,north Moravia,148545,8,35,12,3,4,53.5,8909,4.01,5.56,113,3460,3590,28,True,700125,77,north Moravia,148545,8,35,12,3,4,53.5,8909,4.01,5.56,113,3460,3590
43,6072,5256,940510,193968,36,5388,1,6349,OWNER,issuance after transaction,931025,72,north Moravia,226122,32,50,7,4,4,62.6,8994,3.80,4.79,110,9672,9208,26,False,721203,72,north Moravia,226122,32,50,7,4,4,62.6,8994,3.80,4.79,110,9672,9208
44,5130,813,940511,24312,12,2026,1,976,OWNER,monthly issuance,930210,16,south Bohemia,93931,74,21,10,1,8,56.9,8427,1.12,1.54,107,1874,1913,43,True,551119,16,south Bohemia,93931,74,21,10,1,8,56.9,8427,1.12,1.54,107,1874,1913
45,5568,2933,940517,272520,60,4542,1,3542,OWNER,monthly issuance,930618,10,central Bohemia,92084,55,29,4,3,5,46.7,10124,0.56,0.54,141,3810,4316,59,False,390902,10,central Bohemia,92084,55,29,4,3,5,46.7,10124,0.56,0.54,141,3810,4316
46,6678,8173,940520,80340,12,6695,1,9787,OWNER,monthly issuance,930705,11,central Bohemia,75637,35,36,9,0,7,36.5,9622,0.45,0.59,154,3475,3529,22,True,760206,1,Prague,1204953,0,0,0,1,1,100.0,12541,0.29,0.43,167,85677,99107
47,6998,9833,940521,97632,12,8136,1,11794,OWNER,monthly issuance,930724,20,south Bohemia,70646,94,14,3,1,4,58.4,8547,2.65,3.64,120,1563,1542,30,True,680907,21,south Bohemia,103347,87,16,7,1,7,67.0,9104,1.51,2.07,123,2299,2354
48,6580,7769,940522,196080,48,4085,1,9303,OWNER,monthly issuance,931003,23,west Bohemia,87419,21,11,4,3,9,85.5,8624,1.79,2.66,102,2879,3198,40,False,580527,23,west Bohemia,87419,21,11,4,3,9,85.5,8624,1.79,2.66,102,2879,3198
49,6316,6473,940526,76908,12,6409,-1,7815,OWNER,monthly issuance,930126,12,central Bohemia,107870,84,29,6,1,6,58.0,8754,3.83,4.31,137,3804,3868,52,True,460119,4,central Bohemia,149893,63,29,6,2,6,67.4,9753,4.64,5.05,109,5244,5892
50,6512,7454,940526,63312,48,1319,1,8928,OWNER,monthly issuance,930419,4,central Bohemia,149893,63,29,6,2,6,67.4,9753,4.64,5.05,109,5244,5892,42,True,560507,31,west Bohemia,51313,34,12,3,1,4,59.2,8930,3.52,4.2,108,1328,1452
51,6407,6930,940526,25944,24,1081,1,8366,OWNER,monthly issuance,930908,41,north Bohemia,118650,8,8,5,1,3,85.6,9832,3.32,4.48,114,6445,5471,38,True,600521,41,north Bohemia,118650,8,8,5,1,3,85.6,9832,3.32,4.48,114,6445,5471
52,5002,173,940531,104808,12,8734,1,210,OWNER,monthly issuance,931126,66,south Moravia,125832,151,41,2,3,5,48.3,8512,3.51,4.12,102,2247,2103,59,False,391130,66,south Moravia,125832,151,41,2,3,5,48.3,8512,3.51,4.12,102,2247,2103
53,6647,8051,940601,208320,48,4340,1,9637,OWNER,weekly issuance,930207,1,Prague,1204953,0,0,0,1,1,100.0,12541,0.29,0.43,167,85677,99107,30,True,680414,31,west Bohemia,51313,34,12,3,1,4,59.2,8930,3.52,4.2,108,1328,1452
54,7137,10439,940603,151560,24,6315,1,12535,OWNER,monthly issuance,931121,66,south Moravia,125832,151,41,2,3,5,48.3,8512,3.51,4.12,102,2247,2103,45,False,530505,66,south Moravia,125832,151,41,2,3,5,48.3,8512,3.51,4.12,102,2247,2103
55,6903,9337,940604,52128,24,2172,1,11189,OWNER,monthly issuance,930913,30,west Bohemia,94812,15,13,8,2,10,81.8,9650,3.38,3.67,100,2985,2804,39,True,590717,11,central Bohemia,75637,35,36,9,0,7,36.5,9622,0.45,0.59,154,3475,3529
56,5918,4576,940604,300204,36,8339,1,5517,OWNER,monthly issuance,930605,27,west Bohemia,67298,71,19,10,0,7,43.8,8561,0.65,1.29,110,1029,1127,34,False,640313,57,south Moravia,161954,21,37,20,3,8,48.0,8720,3.73,4.5,116,3729,3651
57,6642,8027,940605,77640,12,6470,1,9607,OWNER,weekly issuance,930707,44,east Bohemia,105606,77,26,7,2,7,53.0,8254,2.79,3.76,97,2166,2325,31,False,670710,27,west Bohemia,67298,71,19,10,0,7,43.8,8561,0.65,1.29,110,1029,1127
58,6210,5927,940606,87216,48,1817,-1,7166,OWNER,monthly issuance,931126,15,south Bohemia,58796,22,16,7,1,5,51.9,9045,3.13,3.6,124,1845,1879,34,False,640513,15,south Bohemia,58796,22,16,7,1,5,51.9,9045,3.13,3.6,124,1845,1879
59,6279,6273,940607,87360,24,3640,1,7576,OWNER,monthly issuance,930721,38,north Bohemia,85852,41,23,4,2,4,59.8,8965,7.08,8.23,104,2653,2822,36,False,620710,38,north Bohemia,85852,41,23,4,2,4,59.8,8965,7.08,8.23,104,2653,2822
60,7249,11065,940612,69360,48,1445,1,13295,OWNER,monthly issuance,930319,11,central Bohemia,75637,35,36,9,0,7,36.5,9622,0.45,0.59,154,3475,3529,57,False,410728,46,east Bohemia,112709,48,20,7,3,10,73.5,8369,1.79,2.31,117,2854,2618
61,6736,8558,940614,288360,60,4806,1,10247,OWNER,issuance after transaction,940227,1,Prague,1204953,0,0,0,1,1,100.0,12541,0.29,0.43,167,85677,99107,63,False,351215,1,Prague,1204953,0,0,0,1,1,100.0,12541,0.29,0.43,167,85677,99107
62,6112,5442,940617,174744,24,7281,-1,6567,OWNER,monthly issuance,930322,34,north Bohemia,125236,28,11,1,4,5,87.7,9675,6.43,7.68,100,5323,5190,20,True,781121,5,central Bohemia,95616,65,30,4,1,6,51.4,9307,3.85,4.43,118,2616,3040
63,5319,1811,940623,239460,60,3991,1,2195,OWNER,monthly issuance,930922,40,north Bohemia,128118,9,16,6,3,8,85.3,9317,6.49,7.07,97,6949,6872,56,True,420913,68,north Moravia,228848,15,40,18,2,6,57.2,9893,4.09,4.72,96,5623,5887
64,6596,7844,940625,91584,24,3816,1,9394,OWNER,monthly issuance,931126,1,Prague,1204953,0,0,0,1,1,100.0,12541,0.29,0.43,167,85677,99107,47,True,511116,33,north Bohemia,133777,24,17,7,3,11,84.7,8705,5.75,7.61,116,4650,4859
65,5837,4260,940629,244560,60,4076,1,5134,OWNER,monthly issuance,931014,56,south Moravia,124605,11,42,14,1,8,46.0,8772,4.69,4.98,126,2854,3158,31,True,670719,58,south Moravia,109164,98,16,6,1,4,63.6,8757,3.38,3.95,96,2212,2471
66,5657,3354,940705,4980,12,415,1,4056,OWNER,monthly issuance,931105,63,south Moravia,86513,38,36,5,1,5,50.5,8288,3.79,4.52,110,1562,1460,46,True,520726,63,south Moravia,86513,38,36,5,1,5,50.5,8288,3.79,4.52,110,1562,1460
67,5533,2762,940705,111384,24,4641,1,3335,OWNER,monthly issuance,930320,19,south Bohemia,51428,50,11,3,1,4,52.7,8402,3.13,3.98,120,999,1099,31,False,670210,11,central Bohemia,75637,35,36,9,0,7,36.5,9622,0.45,0.59,154,3475,3529
68,6232,6051,940708,276660,36,7685,-1,7311,OWNER,monthly issuance,930828,56,south Moravia,124605,11,42,14,1,8,46.0,8772,4.69,4.98,126,2854,3158,49,False,490518,56,south Moravia,124605,11,42,14,1,8,46.0,8772,4.69,4.98,126,2854,3158
69,6888,9265,940711,39576,12,3298,1,11101,OWNER,monthly issuance,930204,1,Prague,1204953,0,0,0,1,1,100.0,12541,0.29,0.43,167,85677,99107,18,True,800502,32,north Bohemia,105058,32,19,7,2,10,81.0,9272,2.80,3.22,118,4340,4505
70,6066,5228,940711,173808,24,7242,1,6317,OWNER,issuance after transaction,930623,77,north Moravia,148545,8,35,12,3,4,53.5,8909,4.01,5.56,113,3460,3590,41,True,570127,77,north Moravia,148545,8,35,12,3,4,53.5,8909,4.01,5.56,113,3460,3590
71,5549,2824,940716,50460,60,841,1,3414,OWNER,monthly issuance,931020,11,central Bohemia,75637,35,36,9,0,7,36.5,9622,0.45,0.59,154,3475,3529,51,True,471017,11,central Bohemia,75637,35,36,9,0,7,36.5,9622,0.45,0.59,154,3475,3529
72,5060,426,940719,252060,60,4201,-1,512,OWNER,monthly issuance,931129,1,Prague,1204953,0,0,0,1,1,100.0,12541,0.29,0.43,167,85677,99107,33,True,650803,60,south Moravia,110643,49,41,4,1,4,51.9,8441,3.45,4.48,115,1879,2252
73,6004,4937,940723,143904,24,5996,1,5965,OWNER,monthly issuance,930220,12,central Bohemia,107870,84,29,6,1,6,58.0,8754,3.83,4.31,137,3804,3868,47,False,510410,50,east Bohemia,102609,75,33,2,3,6,52.0,8187,4.83,5.45,94,2123,2134
74,5126,790,940724,208128,48,4336,-1,946,OWNER,monthly issuance,930511,54,south Moravia,387570,0,0,0,1,1,100.0,9897,1.60,1.96,140,18721,18696,47,False,510806,54,south Moravia,387570,0,0,0,1,1,100.0,9897,1.60,1.96,140,18721,18696
75,7220,10911,940728,131292,36,3647,1,13104,OWNER,weekly issuance,930529,1,Prague,1204953,0,0,0,1,1,100.0,12541,0.29,0.43,167,85677,99107,44,False,540320,1,Prague,1204953,0,0,0,1,1,100.0,12541,0.29,0.43,167,85677,99107
76,6668,8129,940730,74736,36,2076,1,9735,OWNER,monthly issuance,930626,45,east Bohemia,77917,85,19,6,1,5,53.5,8390,2.28,2.89,132,2080,2122,33,False,651029,45,east Bohemia,77917,85,19,6,1,5,53.5,8390,2.28,2.89,132,2080,2122
77,5395,2176,940730,299088,36,8308,-1,2635,OWNER,monthly issuance,930606,67,north Moravia,106054,38,25,6,2,6,63.1,8110,5.77,6.55,109,3244,3079,32,True,661210,67,north Moravia,106054,38,25,6,2,6,63.1,8110,5.77,6.55,109,3244,3079
78,6836,9093,940803,189300,60,3155,1,10887,OWNER,monthly issuance,930616,47,east Bohemia,162580,83,26,5,1,6,72.8,9538,1.51,1.81,111,6079,5410,45,False,531205,58,south Moravia,109164,98,16,6,1,4,63.6,8757,3.38,3.95,96,2212,2471
79,6064,5215,940804,14628,12,1219,1,6301,OWNER,monthly issuance,930701,55,south Moravia,157042,49,70,18,0,9,33.9,8743,1.88,2.43,111,3659,3894,49,True,490308,55,south Moravia,157042,49,70,18,0,9,33.9,8743,1.88,2.43,111,3659,3894
80,6919,9403,940805,120888,36,3358,1,11266,OWNER,weekly issuance,930327,1,Prague,1204953,0,0,0,1,1,100.0,12541,0.29,0.43,167,85677,99107,54,True,440420,1,Prague,1204953,0,0,0,1,1,100.0,12541,0.29,0.43,167,85677,99107
81,6841,9104,940807,172080,48,3585,1,10900,OWNER,monthly issuance,940121,10,central Bohemia,92084,55,29,4,3,5,46.7,10124,0.56,0.54,141,3810,4316,41,True,570305,10,central Bohemia,92084,55,29,4,3,5,46.7,10124,0.56,0.54,141,3810,4316
82,6038,5120,940810,323472,48,6739,1,6178,OWNER,monthly issuance,930621,1,Prague,1204953,0,0,0,1,1,100.0,12541,0.29,0.43,167,85677,99107,58,True,401015,1,Prague,1204953,0,0,0,1,1,100.0,12541,0.29,0.43,167,85677,99107
83,6729,8519,940811,74688,12,6224,1,10202,OWNER,monthly issuance,930402,23,west Bohemia,87419,21,11,4,3,9,85.5,8624,1.79,2.66,102,2879,3198,53,True,450126,23,west Bohemia,87419,21,11,4,3,9,85.5,8624,1.79,2.66,102,2879,3198
84,7198,10788,940823,45768,12,3814,1,12952,OWNER,weekly issuance,931122,67,north Moravia,106054,38,25,6,2,6,63.1,8110,5.77,6.55,109,3244,3079,21,True,770527,72,north Moravia,226122,32,50,7,4,4,62.6,8994,3.80,4.79,110,9672,9208
85,6686,8260,940825,224604,36,6239,1,9890,OWNER,monthly issuance,930324,31,west Bohemia,51313,34,12,3,1,4,59.2,8930,3.52,4.2,108,1328,1452,22,False,760524,31,west Bohemia,51313,34,12,3,1,4,59.2,8930,3.52,4.2,108,1328,1452
86,5836,4259,940827,79632,24,3318,1,5133,OWNER,monthly issuance,940408,66,south Moravia,125832,151,41,2,3,5,48.3,8512,3.51,4.12,102,2247,2103,39,True,590810,66,south Moravia,125832,151,41,2,3,5,48.3,8512,3.51,4.12,102,2247,2103
87,7061,10105,940827,121896,24,5079,1,12124,OWNER,monthly issuance,930428,55,south Moravia,157042,49,70,18,0,9,33.9,8743,1.88,2.43,111,3659,3894,33,False,650307,55,south Moravia,157042,49,70,18,0,9,33.9,8743,1.88,2.43,111,3659,3894
88,5595,3050,940902,82896,12,6908,1,3687,OWNER,monthly issuance,930508,60,south Moravia,110643,49,41,4,1,4,51.9,8441,3.45,4.48,115,1879,2252,26,False,720206,49,east Bohemia,75685,31,28,5,1,9,60.8,8208,1.89,2.26,155,1660,2123
89,5723,3674,940910,23628,12,1969,1,4428,OWNER,monthly issuance,930312,38,north Bohemia,85852,41,23,4,2,4,59.8,8965,7.08,8.23,104,2653,2822,44,False,540309,38,north Bohemia,85852,41,23,4,2,4,59.8,8965,7.08,8.23,104,2653,2822
90,6120,5481,940911,209184,48,4358,1,6616,OWNER,monthly issuance,930816,52,east Bohemia,139012,59,41,8,3,10,61.9,8363,2.52,3.49,108,2564,2799,45,False,530618,1,Prague,1204953,0,0,0,1,1,100.0,12541,0.29,0.43,167,85677,99107
91,6895,9307,940919,41904,12,3492,1,11153,OWNER,monthly issuance,930124,68,north Moravia,228848,15,40,18,2,6,57.2,9893,4.09,4.72,96,5623,5887,24,False,740708,70,north Moravia,285387,0,2,8,5,7,89.9,10177,6.63,7.75,81,9878,10108
92,5882,4427,940926,87816,12,7318,1,5337,OWNER,monthly issuance,930607,32,north Bohemia,105058,32,19,7,2,10,81.0,9272,2.80,3.22,118,4340,4505,37,False,610502,1,Prague,1204953,0,0,0,1,1,100.0,12541,0.29,0.43,167,85677,99107
93,5754,3834,940928,23052,12,1921,1,4620,OWNER,monthly issuance,930119,54,south Moravia,387570,0,0,0,1,1,100.0,9897,1.60,1.96,140,18721,18696,58,True,401101,54,south Moravia,387570,0,0,0,1,1,100.0,9897,1.60,1.96,140,18721,18696
94,6594,7824,940928,189696,24,7904,-1,9367,OWNER,monthly issuance,940517,60,south Moravia,110643,49,41,4,1,4,51.9,8441,3.45,4.48,115,1879,2252,28,True,700219,60,south Moravia,110643,49,41,4,1,4,51.9,8441,3.45,4.48,115,1879,2252
95,6738,8566,940929,230220,36,6395,-1,10258,OWNER,monthly issuance,931008,74,north Moravia,323870,0,0,0,1,1,100.0,10673,4.75,5.44,100,18782,18347,56,True,421109,74,north Moravia,323870,0,0,0,1,1,100.0,10673,4.75,5.44,100,18782,18347
96,6624,7965,940930,71460,12,5955,1,9536,OWNER,monthly issuance,931108,55,south Moravia,157042,49,70,18,0,9,33.9,8743,1.88,2.43,111,3659,3894,53,False,450803,55,south Moravia,157042,49,70,18,0,9,33.9,8743,1.88,2.43,111,3659,3894
97,6216,5952,940930,141240,24,5885,1,7195,OWNER,monthly issuance,930907,50,east Bohemia,102609,75,33,2,3,6,52.0,8187,4.83,5.45,94,2123,2134,36,False,620911,50,east Bohemia,102609,75,33,2,3,6,52.0,8187,4.83,5.45,94,2123,2134
98,6229,6040,941002,11736,24,489,1,7299,OWNER,monthly issuance,930422,1,Prague,1204953,0,0,0,1,1,100.0,12541,0.29,0.43,167,85677,99107,60,False,380916,1,Prague,1204953,0,0,0,1,1,100.0,12541,0.29,0.43,167,85677,99107
99,5887,4448,941003,192744,36,5354,1,5366,OWNER,monthly issuance,930602,60,south Moravia,110643,49,41,4,1,4,51.9,8441,3.45,4.48,115,1879,2252,27,True,710920,60,south Moravia,110643,49,41,4,1,4,51.9,8441,3.45,4.48,115,1879,2252
100,6808,8982,941012,227880,36,6330,1,10755,OWNER,monthly issuance,930925,64,south Moravia,197099,29,41,10,2,10,74.7,9624,1.60,2.31,145,4484,4265,43,True,551104,64,south Moravia,197099,29,41,10,2,10,74.7,9624,1.60,2.31,145,4484,4265
101,6297,6363,941025,17508,12,1459,1,7683,OWNER,monthly issuance,930801,74,north Moravia,323870,0,0,0,1,1,100.0,10673,4.75,5.44,100,18782,18347,52,False,460401,12,central Bohemia,107870,84,29,6,1,6,58.0,8754,3.83,4.31,137,3804,3868
102,5161,1012,941028,98184,24,4091,1,1216,OWNER,monthly issuance,940709,65,south Moravia,114200,101,41,4,1,4,43.7,8403,5.74,5.72,105,2157,2718,53,True,450612,65,south Moravia,114200,101,41,4,1,4,43.7,8403,5.74,5.72,105,2157,2718
103,5390,2167,941030,170256,24,7094,1,2623,OWNER,monthly issuance,930808,16,south Bohemia,93931,74,21,10,1,8,56.9,8427,1.12,1.54,107,1874,1913,33,True,650716,16,south Bohemia,93931,74,21,10,1,8,56.9,8427,1.12,1.54,107,1874,1913
104,6150,5622,941102,83016,12,6918,1,6789,OWNER,monthly issuance,930208,70,north Moravia,285387,0,2,8,5,7,89.9,10177,6.63,7.75,81,9878,10108,19,False,790326,57,south Moravia,161954,21,37,20,3,8,48.0,8720,3.73,4.5,116,3729,3651
105,6223,5991,941103,61056,48,1272,1,7241,OWNER,monthly issuance,931121,1,Prague,1204953,0,0,0,1,1,100.0,12541,0.29,0.43,167,85677,99107,41,True,570906,57,south Moravia,161954,21,37,20,3,8,48.0,8720,3.73,4.5,116,3729,3651
106,5032,290,941103,123696,48,2577,1,352,OWNER,monthly issuance,931202,56,south Moravia,124605,11,42,14,1,8,46.0,8772,4.69,4.98,126,2854,3158,58,False,400827,56,south Moravia,124605,11,42,14,1,8,46.0,8772,4.69,4.98,126,2854,3158
107,6253,6148,941104,59760,24,2490,1,7422,OWNER,monthly issuance,931227,74,north Moravia,323870,0,0,0,1,1,100.0,10673,4.75,5.44,100,18782,18347,40,False,581126,74,north Moravia,323870,0,0,0,1,1,100.0,10673,4.75,5.44,100,18782,18347
108,6460,7133,941106,48672,36,1352,1,8610,OWNER,monthly issuance,930917,1,Prague,1204953,0,0,0,1,1,100.0,12541,0.29,0.43,167,85677,99107,50,True,480502,55,south Moravia,157042,49,70,18,0,9,33.9,8743,1.88,2.43,111,3659,3894
109,6645,8041,941106,140400,36,3900,1,9625,OWNER,monthly issuance,931010,1,Prague,1204953,0,0,0,1,1,100.0,12541,0.29,0.43,167,85677,99107,57,False,411015,74,north Moravia,323870,0,0,0,1,1,100.0,10673,4.75,5.44,100,18782,18347
110,5176,1106,941112,192552,24,8023,-1,1327,OWNER,weekly issuance,930829,20,south Bohemia,70646,94,14,3,1,4,58.4,8547,2.65,3.64,120,1563,1542,35,True,631231,20,south Bohemia,70646,94,14,3,1,4,58.4,8547,2.65,3.64,120,1563,1542
111,5269,1527,941119,164052,36,4557,-1,1851,OWNER,issuance after transaction,931117,31,west Bohemia,51313,34,12,3,1,4,59.2,8930,3.52,4.2,108,1328,1452,23,True,750912,31,west Bohemia,51313,34,12,3,1,4,59.2,8930,3.52,4.2,108,1328,1452
112,5351,1978,941204,205200,36,5700,1,2403,OWNER,weekly issuance,930611,57,south Moravia,161954,21,37,20,3,8,48.0,8720,3.73,4.5,116,3729,3651,35,True,630125,1,Prague,1204953,0,0,0,1,1,100.0,12541,0.29,0.43,167,85677,99107
113,5861,4337,941208,51408,24,2142,1,5224,OWNER,monthly issuance,931116,29,west Bohemia,45714,52,10,5,1,6,55.6,8843,2.82,3.6,113,818,888,49,False,490724,29,west Bohemia,45714,52,10,5,1,6,55.6,8843,2.82,3.6,113,818,888
114,5450,2345,941211,199680,60,3328,1,2834,OWNER,monthly issuance,931025,5,central Bohemia,95616,65,30,4,1,6,51.4,9307,3.85,4.43,118,2616,3040,49,False,490523,52,east Bohemia,139012,59,41,8,3,10,61.9,8363,2.52,3.49,108,2564,2799
115,7142,10451,941219,482940,60,8049,-1,12551,OWNER,monthly issuance,930829,1,Prague,1204953,0,0,0,1,1,100.0,12541,0.29,0.43,167,85677,99107,22,True,760521,1,Prague,1204953,0,0,0,1,1,100.0,12541,0.29,0.43,167,85677,99107
116,6306,6425,941220,36684,12,3057,1,7753,OWNER,monthly issuance,930329,31,west Bohemia,51313,34,12,3,1,4,59.2,8930,3.52,4.2,108,1328,1452,20,True,780923,70,north Moravia,285387,0,2,8,5,7,89.9,10177,6.63,7.75,81,9878,10108
117,6272,6226,941220,398640,60,6644,1,7521,OWNER,weekly issuance,930726,74,north Moravia,323870,0,0,0,1,1,100.0,10673,4.75,5.44,100,18782,18347,38,True,600209,74,north Moravia,323870,0,0,0,1,1,100.0,10673,4.75,5.44,100,18782,18347
118,5044,344,941221,100980,60,1683,1,421,OWNER,monthly issuance,931201,54,south Moravia,387570,0,0,0,1,1,100.0,9897,1.60,1.96,140,18721,18696,33,False,650731,54,south Moravia,387570,0,0,0,1,1,100.0,9897,1.60,1.96,140,18721,18696
119,5576,2962,941221,31248,12,2604,1,3576,OWNER,monthly issuance,930530,1,Prague,1204953,0,0,0,1,1,100.0,12541,0.29,0.43,167,85677,99107,59,True,390315,1,Prague,1204953,0,0,0,1,1,100.0,12541,0.29,0.43,167,85677,99107
120,7192,10738,941221,115992,36,3222,1,12893,OWNER,weekly issuance,930417,45,east Bohemia,77917,85,19,6,1,5,53.5,8390,2.28,2.89,132,2080,2122,61,False,370517,31,west Bohemia,51313,34,12,3,1,4,59.2,8930,3.52,4.2,108,1328,1452
121,5739,3747,950102,76380,12,6365,1,4520,OWNER,monthly issuance,940501,1,Prague,1204953,0,0,0,1,1,100.0,12541,0.29,0.43,167,85677,99107,41,True,570628,1,Prague,1204953,0,0,0,1,1,100.0,12541,0.29,0.43,167,85677,99107
122,6526,7523,950103,288468,36,8013,1,9008,OWNER,monthly issuance,940829,63,south Moravia,86513,38,36,5,1,5,50.5,8288,3.79,4.52,110,1562,1460,40,True,581026,63,south Moravia,86513,38,36,5,1,5,50.5,8288,3.79,4.52,110,1562,1460
123,5624,3166,950103,177744,48,3703,-1,3829,OWNER,monthly issuance,930810,71,north Moravia,161227,5,35,11,4,10,69.7,8678,5.93,5.57,102,4980,4595,26,False,720313,59,south Moravia,108871,41,29,7,2,6,62.1,8444,3.24,3.47,106,2595,2305
124,6244,6118,950108,270648,36,7518,-1,7390,OWNER,weekly issuance,940307,1,Prague,1204953,0,0,0,1,1,100.0,12541,0.29,0.43,167,85677,99107,61,False,371104,1,Prague,1204953,0,0,0,1,1,100.0,12541,0.29,0.43,167,85677,99107
125,5131,816,950108,48624,24,2026,1,980,OWNER,monthly issuance,930805,52,east Bohemia,139012,59,41,8,3,10,61.9,8363,2.52,3.49,108,2564,2799,37,False,610930,40,north Bohemia,128118,9,16,6,3,8,85.3,9317,6.49,7.07,97,6949,6872
126,6960,9640,950111,76416,24,3184,1,11558,OWNER,monthly issuance,930313,1,Prague,1204953,0,0,0,1,1,100.0,12541,0.29,0.43,167,85677,99107,61,False,370902,1,Prague,1204953,0,0,0,1,1,100.0,12541,0.29,0.43,167,85677,99107
127,6358,6715,950114,137880,60,2298,-1,8105,OWNER,weekly issuance,930915,48,east Bohemia,78955,50,24,8,1,9,59.0,9060,1.78,2.44,124,1655,1717,35,False,630312,72,north Moravia,226122,32,50,7,4,4,62.6,8994,3.80,4.79,110,9672,9208
128,5418,2245,950116,347952,48,7249,1,2719,OWNER,monthly issuance,930330,29,west Bohemia,45714,52,10,5,1,6,55.6,8843,2.82,3.6,113,818,888,34,True,641030,29,west Bohemia,45714,52,10,5,1,6,55.6,8843,2.82,3.6,113,818,888
129,6598,7857,950118,68112,12,5676,1,9407,OWNER,monthly issuance,930804,75,north Moravia,138032,67,30,4,2,5,64.6,8819,5.38,5.66,99,4063,4505,21,True,771130,35,north Bohemia,88768,10,18,5,1,7,80.5,8867,1.02,1.21,130,3384,3620
130,5464,2419,950130,95808,12,7984,1,2922,OWNER,monthly issuance,931127,24,west Bohemia,122603,25,21,6,2,8,80.0,8991,1.39,2.01,128,5198,5273,58,False,400907,43,east Bohemia,161854,73,21,6,1,6,76.3,9425,1.72,2.5,125,4085,3891
131,6591,7819,950202,20832,48,434,1,9362,OWNER,monthly issuance,930801,38,north Bohemia,85852,41,23,4,2,4,59.8,8965,7.08,8.23,104,2653,2822,50,False,480504,38,north Bohemia,85852,41,23,4,2,4,59.8,8965,7.08,8.23,104,2653,2822
132,5724,3678,950205,316140,60,5269,-1,4433,OWNER,monthly issuance,930324,1,Prague,1204953,0,0,0,1,1,100.0,12541,0.29,0.43,167,85677,99107,30,False,680222,1,Prague,1204953,0,0,0,1,1,100.0,12541,0.29,0.43,167,85677,99107
133,6315,6472,950206,43164,12,3597,1,7814,OWNER,monthly issuance,940208,61,south Moravia,117897,139,28,5,1,6,53.8,8814,4.76,5.74,107,2112,2059,22,True,760106,61,south Moravia,117897,139,28,5,1,6,53.8,8814,4.76,5.74,107,2112,2059
134,5876,4413,950208,221280,48,4610,1,5318,OWNER,weekly issuance,940115,74,north Moravia,323870,0,0,0,1,1,100.0,10673,4.75,5.44,100,18782,18347,30,False,680328,74,north Moravia,323870,0,0,0,1,1,100.0,10673,4.75,5.44,100,18782,18347
135,6986,9750,950211,151728,48,3161,-1,11695,OWNER,monthly issuance,940516,74,north Moravia,323870,0,0,0,1,1,100.0,10673,4.75,5.44,100,18782,18347,22,False,760623,74,north Moravia,323870,0,0,0,1,1,100.0,10673,4.75,5.44,100,18782,18347
136,6294,6353,950212,79920,60,1332,1,7672,OWNER,monthly issuance,931126,26,west Bohemia,170449,0,0,0,1,1,100.0,10787,2.64,3.09,131,6041,6261,45,False,530405,26,west Bohemia,170449,0,0,0,1,1,100.0,10787,2.64,3.09,131,6041,6261
137,5132,817,950217,538500,60,8975,1,981,OWNER,monthly issuance,940318,5,central Bohemia,95616,65,30,4,1,6,51.4,9307,3.85,4.43,118,2616,3040,38,False,600628,5,central Bohemia,95616,65,30,4,1,6,51.4,9307,3.85,4.43,118,2616,3040
138,5877,4414,950223,97224,24,4051,1,5320,OWNER,monthly issuance,930910,24,west Bohemia,122603,25,21,6,2,8,80.0,8991,1.39,2.01,128,5198,5273,47,True,510407,17,south Bohemia,74062,99,15,4,2,7,61.4,8114,2.38,2.62,119,1003,1181
139,6227,6030,950304,28248,24,1177,1,7286,OWNER,monthly issuance,930824,47,east Bohemia,162580,83,26,5,1,6,72.8,9538,1.51,1.81,111,6079,5410,28,True,700210,47,east Bohemia,162580,83,26,5,1,6,72.8,9538,1.51,1.81,111,6079,5410
140,7241,11021,950304,168984,24,7041,-1,13240,OWNER,monthly issuance,930810,1,Prague,1204953,0,0,0,1,1,100.0,12541,0.29,0.43,167,85677,99107,22,False,760318,1,Prague,1204953,0,0,0,1,1,100.0,12541,0.29,0.43,167,85677,99107
141,6737,8564,950311,76680,24,3195,1,10255,OWNER,monthly issuance,930912,68,north Moravia,228848,15,40,18,2,6,57.2,9893,4.09,4.72,96,5623,5887,49,False,490107,68,north Moravia,228848,15,40,18,2,6,57.2,9893,4.09,4.72,96,5623,5887
142,7004,9869,950315,331560,60,5526,1,11836,OWNER,monthly issuance,930821,12,central Bohemia,107870,84,29,6,1,6,58.0,8754,3.83,4.31,137,3804,3868,18,False,801123,2,central Bohemia,88884,80,26,6,2,5,46.7,8507,1.67,1.85,132,2159,2674
143,6169,5700,950316,103680,60,1728,-1,6895,OWNER,monthly issuance,930720,42,east Bohemia,95907,87,25,5,2,7,59.1,8388,2.41,2.94,87,1658,1668,27,False,710624,42,east Bohemia,95907,87,25,5,2,7,59.1,8388,2.41,2.94,87,1658,1668
144,5208,1247,950316,99696,48,2077,-1,1505,OWNER,monthly issuance,930608,25,west Bohemia,88757,60,33,3,2,10,61.7,8554,2.47,2.68,113,1822,2218,27,True,710625,65,south Moravia,114200,101,41,4,1,4,43.7,8403,5.74,5.72,105,2157,2718
145,6694,8316,950319,134784,24,5616,1,9961,OWNER,monthly issuance,940604,70,north Moravia,285387,0,2,8,5,7,89.9,10177,6.63,7.75,81,9878,10108,58,True,400511,70,north Moravia,285387,0,2,8,5,7,89.9,10177,6.63,7.75,81,9878,10108
146,5599,3064,950321,15420,12,1285,1,3705,OWNER,monthly issuance,930523,40,north Bohemia,128118,9,16,6,3,8,85.3,9317,6.49,7.07,97,6949,6872,33,True,650604,1,Prague,1204953,0,0,0,1,1,100.0,12541,0.29,0.43,167,85677,99107
147,6546,7607,950327,31728,24,1322,1,9110,OWNER,monthly issuance,930905,1,Prague,1204953,0,0,0,1,1,100.0,12541,0.29,0.43,167,85677,99107,48,False,500410,1,Prague,1204953,0,0,0,1,1,100.0,12541,0.29,0.43,167,85677,99107
148,5414,2228,950329,185952,48,3874,1,2700,OWNER,monthly issuance,940319,34,north Bohemia,125236,28,11,1,4,5,87.7,9675,6.43,7.68,100,5323,5190,53,False,450222,34,north Bohemia,125236,28,11,1,4,5,87.7,9675,6.43,7.68,100,5323,5190
149,5453,2361,950401,156672,36,4352,1,2853,OWNER,monthly issuance,940225,28,west Bohemia,72541,66,26,10,0,8,36.9,8594,1.62,2.01,112,1580,1525,42,True,560425,28,west Bohemia,72541,66,26,10,0,8,36.9,8594,1.62,2.01,112,1580,1525
150,5740,3752,950402,18564,12,1547,1,4527,OWNER,monthly issuance,941125,1,Prague,1204953,0,0,0,1,1,100.0,12541,0.29,0.43,167,85677,99107,35,True,630204,1,Prague,1204953,0,0,0,1,1,100.0,12541,0.29,0.43,167,85677,99107
151,5804,4079,950405,158976,48,3312,1,4916,OWNER,monthly issuance,931103,52,east Bohemia,139012,59,41,8,3,10,61.9,8363,2.52,3.49,108,2564,2799,59,False,390109,52,east Bohemia,139012,59,41,8,3,10,61.9,8363,2.52,3.49,108,2564,2799
152,6745,8625,950410,47304,24,1971,1,10328,OWNER,monthly issuance,931110,64,south Moravia,197099,29,41,10,2,10,74.7,9624,1.60,2.31,145,4484,4265,27,False,710803,64,south Moravia,197099,29,41,10,2,10,74.7,9624,1.60,2.31,145,4484,4265
153,6950,9591,950411,104712,24,4363,1,11496,OWNER,monthly issuance,930520,74,north Moravia,323870,0,0,0,1,1,100.0,10673,4.75,5.44,100,18782,18347,54,False,441212,74,north Moravia,323870,0,0,0,1,1,100.0,10673,4.75,5.44,100,18782,18347
154,6996,9828,950413,126600,24,5275,1,11787,OWNER,monthly issuance,930520,11,central Bohemia,75637,35,36,9,0,7,36.5,9622,0.45,0.59,154,3475,3529,59,False,390227,47,east Bohemia,162580,83,26,5,1,6,72.8,9538,1.51,1.81,111,6079,5410
155,5352,1993,950415,68400,12,5700,-1,2422,OWNER,monthly issuance,941030,68,north Moravia,228848,15,40,18,2,6,57.2,9893,4.09,4.72,96,5623,5887,22,True,760609,68,north Moravia,228848,15,40,18,2,6,57.2,9893,4.09,4.72,96,5623,5887
156,6151,5628,950425,225420,60,3757,1,6798,OWNER,monthly issuance,940617,61,south Moravia,117897,139,28,5,1,6,53.8,8814,4.76,5.74,107,2112,2059,50,True,480803,61,south Moravia,117897,139,28,5,1,6,53.8,8814,4.76,5.74,107,2112,2059
157,5310,1762,950428,248148,36,6893,1,2136,OWNER,monthly issuance,931211,28,west Bohemia,72541,66,26,10,0,8,36.9,8594,1.62,2.01,112,1580,1525,58,True,400724,28,west Bohemia,72541,66,26,10,0,8,36.9,8594,1.62,2.01,112,1580,1525
158,5045,347,950501,187224,24,7801,-1,424,OWNER,monthly issuance,931213,65,south Moravia,114200,101,41,4,1,4,43.7,8403,5.74,5.72,105,2157,2718,51,False,471008,1,Prague,1204953,0,0,0,1,1,100.0,12541,0.29,0.43,167,85677,99107
159,6929,9472,950508,36396,12,3033,1,11354,OWNER,weekly issuance,930706,1,Prague,1204953,0,0,0,1,1,100.0,12541,0.29,0.43,167,85677,99107,26,False,720403,76,north Moravia,127369,31,32,13,2,7,51.2,8369,4.73,5.88,107,3736,2807
160,5151,960,950524,189060,60,3151,1,1157,OWNER,issuance after transaction,941102,4,central Bohemia,149893,63,29,6,2,6,67.4,9753,4.64,5.05,109,5244,5892,40,True,581230,4,central Bohemia,149893,63,29,6,2,6,67.4,9753,4.64,5.05,109,5244,5892
161,5212,1256,950529,71064,36,1974,1,1516,OWNER,monthly issuance,940421,38,north Bohemia,85852,41,23,4,2,4,59.8,8965,7.08,8.23,104,2653,2822,52,True,461017,38,north Bohemia,85852,41,23,4,2,4,59.8,8965,7.08,8.23,104,2653,2822
162,5138,854,950530,87216,48,1817,1,1029,OWNER,monthly issuance,930921,62,south Moravia,145688,22,41,13,2,5,40.7,8544,1.29,1.86,109,2719,2906,44,True,540316,1,Prague,1204953,0,0,0,1,1,100.0,12541,0.29,0.43,167,85677,99107
163,5713,3629,950530,158760,60,2646,1,4377,OWNER,monthly issuance,930727,48,east Bohemia,78955,50,24,8,1,9,59.0,9060,1.78,2.44,124,1655,1717,20,False,780131,48,east Bohemia,78955,50,24,8,1,9,59.0,9060,1.78,2.44,124,1655,1717
164,6704,8377,950601,417060,60,6951,1,10042,OWNER,monthly issuance,931120,29,west Bohemia,45714,52,10,5,1,6,55.6,8843,2.82,3.6,113,818,888,37,True,610914,29,west Bohemia,45714,52,10,5,1,6,55.6,8843,2.82,3.6,113,818,888
165,6474,7190,950606,63360,60,1056,1,8677,OWNER,monthly issuance,930906,49,east Bohemia,75685,31,28,5,1,9,60.8,8208,1.89,2.26,155,1660,2123,43,False,550814,49,east Bohemia,75685,31,28,5,1,9,60.8,8208,1.89,2.26,155,1660,2123
166,6676,8159,950613,29784,24,1241,1,9768,OWNER,monthly issuance,950208,26,west Bohemia,170449,0,0,0,1,1,100.0,10787,2.64,3.09,131,6041,6261,29,True,691225,26,west Bohemia,170449,0,0,0,1,1,100.0,10787,2.64,3.09,131,6041,6261
167,6965,9656,950613,139536,24,5814,1,11578,OWNER,monthly issuance,931114,61,south Moravia,117897,139,28,5,1,6,53.8,8814,4.76,5.74,107,2112,2059,57,True,410913,61,south Moravia,117897,139,28,5,1,6,53.8,8814,4.76,5.74,107,2112,2059
168,6725,8489,950623,265320,36,7370,1,10167,OWNER,monthly issuance,930918,19,south Bohemia,51428,50,11,3,1,4,52.7,8402,3.13,3.98,120,999,1099,50,True,480828,51,east Bohemia,121947,37,28,7,3,11,70.5,8541,2.51,2.97,131,3496,3839
169,7166,10630,950624,198240,24,8260,1,12763,OWNER,monthly issuance,950115,41,north Bohemia,118650,8,8,5,1,3,85.6,9832,3.32,4.48,114,6445,5471,42,False,560218,41,north Bohemia,118650,8,8,5,1,3,85.6,9832,3.32,4.48,114,6445,5471
170,7138,10440,950703,60000,60,1000,1,12536,OWNER,monthly issuance,930913,72,north Moravia,226122,32,50,7,4,4,62.6,8994,3.80,4.79,110,9672,9208,52,False,461015,45,east Bohemia,77917,85,19,6,1,5,53.5,8390,2.28,2.89,132,2080,2122
171,5970,4774,950709,465072,48,9689,1,5760,OWNER,monthly issuance,940114,66,south Moravia,125832,151,41,2,3,5,48.3,8512,3.51,4.12,102,2247,2103,50,False,480508,66,south Moravia,125832,151,41,2,3,5,48.3,8512,3.51,4.12,102,2247,2103
172,6157,5650,950710,98592,24,4108,1,6829,OWNER,issuance after transaction,950108,10,central Bohemia,92084,55,29,4,3,5,46.7,10124,0.56,0.54,141,3810,4316,35,True,631224,10,central Bohemia,92084,55,29,4,3,5,46.7,10124,0.56,0.54,141,3810,4316
173,6153,5632,950725,285600,60,4760,1,6803,OWNER,weekly issuance,941115,5,central Bohemia,95616,65,30,4,1,6,51.4,9307,3.85,4.43,118,2616,3040,18,True,801207,5,central Bohemia,95616,65,30,4,1,6,51.4,9307,3.85,4.43,118,2616,3040
174,5693,3489,950801,44088,24,1837,1,4217,OWNER,monthly issuance,941208,9,central Bohemia,81344,61,23,4,2,6,55.3,8899,3.39,3.97,149,2987,2487,47,True,510625,9,central Bohemia,81344,61,23,4,2,6,55.3,8899,3.39,3.97,149,2987,2487
175,5922,4580,950805,20220,12,1685,1,5521,OWNER,monthly issuance,940827,9,central Bohemia,81344,61,23,4,2,6,55.3,8899,3.39,3.97,149,2987,2487,25,True,730515,9,central Bohemia,81344,61,23,4,2,6,55.3,8899,3.39,3.97,149,2987,2487
176,5959,4727,950811,107640,24,4485,1,5701,OWNER,monthly issuance,950213,2,central Bohemia,88884,80,26,6,2,5,46.7,8507,1.67,1.85,132,2159,2674,39,True,591122,2,central Bohemia,88884,80,26,6,2,5,46.7,8507,1.67,1.85,132,2159,2674
177,5980,4825,950818,21396,12,1783,1,5826,OWNER,monthly issuance,940604,15,south Bohemia,58796,22,16,7,1,5,51.9,9045,3.13,3.6,124,1845,1879,30,False,680909,15,south Bohemia,58796,22,16,7,1,5,51.9,9045,3.13,3.6,124,1845,1879
178,6764,8776,950826,33984,48,708,1,10510,OWNER,monthly issuance,940824,64,south Moravia,197099,29,41,10,2,10,74.7,9624,1.60,2.31,145,4484,4265,26,False,720804,64,south Moravia,197099,29,41,10,2,10,74.7,9624,1.60,2.31,145,4484,4265
179,5237,1375,950829,45336,24,1889,1,1663,OWNER,monthly issuance,940427,19,south Bohemia,51428,50,11,3,1,4,52.7,8402,3.13,3.98,120,999,1099,41,False,570429,19,south Bohemia,51428,50,11,3,1,4,52.7,8402,3.13,3.98,120,999,1099
180,6726,8492,950903,85860,60,1431,1,10171,OWNER,monthly issuance,940629,2,central Bohemia,88884,80,26,6,2,5,46.7,8507,1.67,1.85,132,2159,2674,43,True,551020,2,central Bohemia,88884,80,26,6,2,5,46.7,8507,1.67,1.85,132,2159,2674
181,6933,9493,950909,188688,48,3931,1,11377,OWNER,monthly issuance,950402,64,south Moravia,197099,29,41,10,2,10,74.7,9624,1.60,2.31,145,4484,4265,33,True,650723,64,south Moravia,197099,29,41,10,2,10,74.7,9624,1.60,2.31,145,4484,4265
182,5145,915,950916,309552,48,6449,1,1102,OWNER,monthly issuance,950118,72,north Moravia,226122,32,50,7,4,4,62.6,8994,3.80,4.79,110,9672,9208,63,False,350129,72,north Moravia,226122,32,50,7,4,4,62.6,8994,3.80,4.79,110,9672,9208
183,7008,9897,950922,36168,12,3014,1,11873,OWNER,monthly issuance,950304,1,Prague,1204953,0,0,0,1,1,100.0,12541,0.29,0.43,167,85677,99107,37,False,610819,1,Prague,1204953,0,0,0,1,1,100.0,12541,0.29,0.43,167,85677,99107
184,7227,10942,951002,314520,60,5242,1,13143,OWNER,weekly issuance,940605,44,east Bohemia,105606,77,26,7,2,7,53.0,8254,2.79,3.76,97,2166,2325,43,True,551118,44,east Bohemia,105606,77,26,7,2,7,53.0,8254,2.79,3.76,97,2166,2325
185,6600,7861,951008,21852,36,607,1,9413,OWNER,monthly issuance,950422,34,north Bohemia,125236,28,11,1,4,5,87.7,9675,6.43,7.68,100,5323,5190,44,False,541205,34,north Bohemia,125236,28,11,1,4,5,87.7,9675,6.43,7.68,100,5323,5190
186,6712,8405,951014,266220,60,4437,1,10074,OWNER,monthly issuance,940510,20,south Bohemia,70646,94,14,3,1,4,58.4,8547,2.65,3.64,120,1563,1542,33,True,650217,20,south Bohemia,70646,94,14,3,1,4,58.4,8547,2.65,3.64,120,1563,1542
187,7057,10093,951020,231696,36,6436,1,12108,OWNER,weekly issuance,940701,1,Prague,1204953,0,0,0,1,1,100.0,12541,0.29,0.43,167,85677,99107,25,False,730530,1,Prague,1204953,0,0,0,1,1,100.0,12541,0.29,0.43,167,85677,99107
188,7176,10663,951028,260028,36,7223,1,12805,OWNER,monthly issuance,931208,11,central Bohemia,75637,35,36,9,0,7,36.5,9622,0.45,0.59,154,3475,3529,22,False,761125,11,central Bohemia,75637,35,36,9,0,7,36.5,9622,0.45,0.59,154,3475,3529
189,7304,11349,951029,419880,60,6998,1,13647,OWNER,weekly issuance,950526,1,Prague,1204953,0,0,0,1,1,100.0,12541,0.29,0.43,167,85677,99107,53,True,451030,1,Prague,1204953,0,0,0,1,1,100.0,12541,0.29,0.43,167,85677,99107
190,6362,6738,951031,37908,12,3159,1,8130,OWNER,monthly issuance,940728,62,south Moravia,145688,22,41,13,2,5,40.7,8544,1.29,1.86,109,2719,2906,22,True,760508,62,south Moravia,145688,22,41,13,2,5,40.7,8544,1.29,1.86,109,2719,2906
191,5880,4423,951031,73836,36,2051,1,5333,OWNER,monthly issuance,950426,39,north Bohemia,119895,17,4,3,2,4,89.9,10446,7.34,9.4,90,4947,4743,31,True,670529,39,north Bohemia,119895,17,4,3,2,4,89.9,10446,7.34,9.4,90,4947,4743
192,6535,7546,951102,41952,12,3496,1,9038,OWNER,monthly issuance,940903,43,east Bohemia,161854,73,21,6,1,6,76.3,9425,1.72,2.5,125,4085,3891,26,False,721210,43,east Bohemia,161854,73,21,6,1,6,76.3,9425,1.72,2.5,125,4085,3891
193,5449,2343,951104,99336,24,4139,1,2831,OWNER,monthly issuance,941209,68,north Moravia,228848,15,40,18,2,6,57.2,9893,4.09,4.72,96,5623,5887,18,True,800709,68,north Moravia,228848,15,40,18,2,6,57.2,9893,4.09,4.72,96,5623,5887
194,6342,6609,951112,60156,36,1671,-1,7980,OWNER,monthly issuance,950327,16,south Bohemia,93931,74,21,10,1,8,56.9,8427,1.12,1.54,107,1874,1913,22,False,760808,16,south Bohemia,93931,74,21,10,1,8,56.9,8427,1.12,1.54,107,1874,1913
195,5409,2218,951118,182040,60,3034,1,2686,OWNER,monthly issuance,941121,19,south Bohemia,51428,50,11,3,1,4,52.7,8402,3.13,3.98,120,999,1099,47,True,510324,19,south Bohemia,51428,50,11,3,1,4,52.7,8402,3.13,3.98,120,999,1099
196,6955,9627,951122,244368,48,5091,1,11543,OWNER,issuance after transaction,940722,65,south Moravia,114200,101,41,4,1,4,43.7,8403,5.74,5.72,105,2157,2718,28,False,700402,65,south Moravia,114200,101,41,4,1,4,43.7,8403,5.74,5.72,105,2157,2718
197,6985,9731,951122,113796,36,3161,1,11670,OWNER,issuance after transaction,941201,54,south Moravia,387570,0,0,0,1,1,100.0,9897,1.60,1.96,140,18721,18696,27,False,711009,54,south Moravia,387570,0,0,0,1,1,100.0,9897,1.60,1.96,140,18721,18696
198,5125,789,951123,73056,48,1522,1,944,OWNER,monthly issuance,950206,39,north Bohemia,119895,17,4,3,2,4,89.9,10446,7.34,9.4,90,4947,4743,28,False,701218,39,north Bohemia,119895,17,4,3,2,4,89.9,10446,7.34,9.4,90,4947,4743
199,5805,4081,951128,137904,24,5746,-1,4918,OWNER,monthly issuance,950722,11,central Bohemia,75637,35,36,9,0,7,36.5,9622,0.45,0.59,154,3475,3529,30,False,680506,11,central Bohemia,75637,35,36,9,0,7,36.5,9622,0.45,0.59,154,3475,3529
200,6185,5774,951128,31176,24,1299,1,6987,OWNER,monthly issuance,950608,1,Prague,1204953,0,0,0,1,1,100.0,12541,0.29,0.43,167,85677,99107,30,False,680129,1,Prague,1204953,0,0,0,1,1,100.0,12541,0.29,0.43,167,85677,99107
201,7243,11042,951204,217152,36,6032,1,13268,OWNER,monthly issuance,950129,72,north Moravia,226122,32,50,7,4,4,62.6,8994,3.80,4.79,110,9672,9208,24,False,740707,72,north Moravia,226122,32,50,7,4,4,62.6,8994,3.80,4.79,110,9672,9208
202,6403,6924,951205,194880,48,4060,1,8359,OWNER,monthly issuance,940601,74,north Moravia,323870,0,0,0,1,1,100.0,10673,4.75,5.44,100,18782,18347,19,False,791206,74,north Moravia,323870,0,0,0,1,1,100.0,10673,4.75,5.44,100,18782,18347
203,6578,7765,951211,27984,12,2332,1,9298,OWNER,weekly issuance,940710,52,east Bohemia,139012,59,41,8,3,10,61.9,8363,2.52,3.49,108,2564,2799,49,False,490216,52,east Bohemia,139012,59,41,8,3,10,61.9,8363,2.52,3.49,108,2564,2799
204,5413,2227,951212,92976,24,3874,1,2698,OWNER,weekly issuance,940522,31,west Bohemia,51313,34,12,3,1,4,59.2,8930,3.52,4.2,108,1328,1452,28,True,701007,31,west Bohemia,51313,34,12,3,1,4,59.2,8930,3.52,4.2,108,1328,1452
205,6949,9583,951212,104712,24,4363,1,11486,OWNER,weekly issuance,940522,31,west Bohemia,51313,34,12,3,1,4,59.2,8930,3.52,4.2,108,1328,1452,28,True,701007,31,west Bohemia,51313,34,12,3,1,4,59.2,8930,3.52,4.2,108,1328,1452
206,6545,7606,951212,191880,60,3198,1,9109,OWNER,monthly issuance,950315,21,south Bohemia,103347,87,16,7,1,7,67.0,9104,1.51,2.07,123,2299,2354,49,False,490308,21,south Bohemia,103347,87,16,7,1,7,67.0,9104,1.51,2.07,123,2299,2354
207,6178,5742,951216,232560,48,4845,1,6946,OWNER,issuance after transaction,950705,74,north Moravia,323870,0,0,0,1,1,100.0,10673,4.75,5.44,100,18782,18347,28,True,700129,74,north Moravia,323870,0,0,0,1,1,100.0,10673,4.75,5.44,100,18782,18347
208,5160,1011,951218,204000,60,3400,1,1215,OWNER,monthly issuance,941217,45,east Bohemia,77917,85,19,6,1,5,53.5,8390,2.28,2.89,132,2080,2122,54,False,440506,45,east Bohemia,77917,85,19,6,1,5,53.5,8390,2.28,2.89,132,2080,2122
209,6785,8899,951225,125340,60,2089,1,10655,OWNER,weekly issuance,940905,1,Prague,1204953,0,0,0,1,1,100.0,12541,0.29,0.43,167,85677,99107,54,False,440615,1,Prague,1204953,0,0,0,1,1,100.0,12541,0.29,0.43,167,85677,99107
210,6540,7562,951231,309600,48,6450,1,9058,OWNER,weekly issuance,950117,72,north Moravia,226122,32,50,7,4,4,62.6,8994,3.80,4.79,110,9672,9208,23,False,750626,72,north Moravia,226122,32,50,7,4,4,62.6,8994,3.80,4.79,110,9672,9208
211,6589,7815,960101,189696,24,7904,1,9355,OWNER,weekly issuance,950409,19,south Bohemia,51428,50,11,3,1,4,52.7,8402,3.13,3.98,120,999,1099,53,False,450924,19,south Bohemia,51428,50,11,3,1,4,52.7,8402,3.13,3.98,120,999,1099
212,5900,4503,960101,135360,48,2820,1,5433,OWNER,monthly issuance,950103,50,east Bohemia,102609,75,33,2,3,6,52.0,8187,4.83,5.45,94,2123,2134,23,False,750924,50,east Bohemia,102609,75,33,2,3,6,52.0,8187,4.83,5.45,94,2123,2134
213,5999,4907,960103,98832,48,2059,1,5928,OWNER,monthly issuance,940206,42,east Bohemia,95907,87,25,5,2,7,59.1,8388,2.41,2.94,87,1658,1668,28,True,700910,42,east Bohemia,95907,87,25,5,2,7,59.1,8388,2.41,2.94,87,1658,1668
214,6043,5126,960111,20352,48,424,1,6185,OWNER,monthly issuance,950403,58,south Moravia,109164,98,16,6,1,4,63.6,8757,3.38,3.95,96,2212,2471,50,True,480305,58,south Moravia,109164,98,16,6,1,4,63.6,8757,3.38,3.95,96,2212,2471
215,5482,2496,960112,165120,60,2752,1,3013,OWNER,monthly issuance,940521,51,east Bohemia,121947,37,28,7,3,11,70.5,8541,2.51,2.97,131,3496,3839,48,True,500318,51,east Bohemia,121947,37,28,7,3,11,70.5,8541,2.51,2.97,131,3496,3839
216,7263,11138,960119,89880,24,3745,1,13382,OWNER,weekly issuance,950818,70,north Moravia,285387,0,2,8,5,7,89.9,10177,6.63,7.75,81,9878,10108,35,False,630516,70,north Moravia,285387,0,2,8,5,7,89.9,10177,6.63,7.75,81,9878,10108
217,6013,4995,960203,128988,36,3583,-1,6034,OWNER,weekly issuance,940801,20,south Bohemia,70646,94,14,3,1,4,58.4,8547,2.65,3.64,120,1563,1542,59,False,390815,20,south Bohemia,70646,94,14,3,1,4,58.4,8547,2.65,3.64,120,1563,1542
218,5750,3804,960208,63252,12,5271,1,4584,OWNER,monthly issuance,940407,7,central Bohemia,94725,38,28,1,3,6,63.4,9920,2.26,2.87,130,4289,4846,49,True,490624,7,central Bohemia,94725,38,28,1,3,6,63.4,9920,2.26,2.87,130,4289,4846
219,6027,5066,960210,61656,24,2569,-1,6115,OWNER,weekly issuance,950827,13,central Bohemia,53921,61,22,1,1,2,41.3,8598,2.77,3.26,123,1597,1875,45,True,531225,13,central Bohemia,53921,61,22,1,1,2,41.3,8598,2.77,3.26,123,1597,1875
220,6303,6400,960212,72408,24,3017,-1,7727,OWNER,issuance after transaction,951009,31,west Bohemia,51313,34,12,3,1,4,59.2,8930,3.52,4.2,108,1328,1452,40,True,580613,31,west Bohemia,51313,34,12,3,1,4,59.2,8930,3.52,4.2,108,1328,1452
221,7213,10884,960213,113544,36,3154,1,13072,OWNER,monthly issuance,950220,65,south Moravia,114200,101,41,4,1,4,43.7,8403,5.74,5.72,105,2157,2718,56,False,420918,65,south Moravia,114200,101,41,4,1,4,43.7,8403,5.74,5.72,105,2157,2718
222,6659,8092,960220,56100,60,935,1,9687,OWNER,monthly issuance,950111,54,south Moravia,387570,0,0,0,1,1,100.0,9897,1.60,1.96,140,18721,18696,40,False,580707,54,south Moravia,387570,0,0,0,1,1,100.0,9897,1.60,1.96,140,18721,18696
223,6175,5735,960221,290700,60,4845,-1,6936,OWNER,monthly issuance,950125,52,east Bohemia,139012,59,41,8,3,10,61.9,8363,2.52,3.49,108,2564,2799,39,True,590227,52,east Bohemia,139012,59,41,8,3,10,61.9,8363,2.52,3.49,108,2564,2799
224,5610,3112,960224,123216,48,2567,1,3763,OWNER,monthly issuance,940812,38,north Bohemia,85852,41,23,4,2,4,59.8,8965,7.08,8.23,104,2653,2822,21,True,770812,38,north Bohemia,85852,41,23,4,2,4,59.8,8965,7.08,8.23,104,2653,2822
225,5563,2912,960229,380160,60,6336,1,3519,OWNER,monthly issuance,940730,74,north Moravia,323870,0,0,0,1,1,100.0,10673,4.75,5.44,100,18782,18347,49,False,491215,74,north Moravia,323870,0,0,0,1,1,100.0,10673,4.75,5.44,100,18782,18347
226,5989,4852,960304,213300,36,5925,1,5860,OWNER,monthly issuance,950413,47,east Bohemia,162580,83,26,5,1,6,72.8,9538,1.51,1.81,111,6079,5410,34,False,640422,47,east Bohemia,162580,83,26,5,1,6,72.8,9538,1.51,1.81,111,6079,5410
227,6698,8327,960310,247728,48,5161,1,9974,OWNER,weekly issuance,950808,1,Prague,1204953,0,0,0,1,1,100.0,12541,0.29,0.43,167,85677,99107,19,False,790619,1,Prague,1204953,0,0,0,1,1,100.0,12541,0.29,0.43,167,85677,99107
228,5312,1772,960313,202788,36,5633,1,2148,OWNER,weekly issuance,950220,31,west Bohemia,51313,34,12,3,1,4,59.2,8930,3.52,4.2,108,1328,1452,45,True,530720,31,west Bohemia,51313,34,12,3,1,4,59.2,8930,3.52,4.2,108,1328,1452
229,7189,10728,960321,154656,48,3222,1,12882,OWNER,monthly issuance,941223,71,north Moravia,161227,5,35,11,4,10,69.7,8678,5.93,5.57,102,4980,4595,42,False,561128,71,north Moravia,161227,5,35,11,4,10,69.7,8678,5.93,5.57,102,4980,4595
230,6816,9017,960326,100224,48,2088,-1,10797,OWNER,monthly issuance,951122,70,north Moravia,285387,0,2,8,5,7,89.9,10177,6.63,7.75,81,9878,10108,41,True,570201,70,north Moravia,285387,0,2,8,5,7,89.9,10177,6.63,7.75,81,9878,10108
231,6137,5574,960410,44628,12,3719,1,6731,OWNER,weekly issuance,940714,13,central Bohemia,53921,61,22,1,1,2,41.3,8598,2.77,3.26,123,1597,1875,55,False,431126,13,central Bohemia,53921,61,22,1,1,2,41.3,8598,2.77,3.26,123,1597,1875
232,5128,808,960411,215616,48,4492,-1,968,OWNER,monthly issuance,950613,69,north Moravia,42821,4,13,5,1,3,48.4,8173,?,7.01,124,?,1358,41,False,570217,69,north Moravia,42821,4,13,5,1,3,48.4,8173,?,7.01,124,?,1358
233,5470,2456,960415,200976,48,4187,1,2966,OWNER,monthly issuance,950909,65,south Moravia,114200,101,41,4,1,4,43.7,8403,5.74,5.72,105,2157,2718,43,False,550220,65,south Moravia,114200,101,41,4,1,4,43.7,8403,5.74,5.72,105,2157,2718
234,5593,3037,960418,277884,36,7719,-1,3670,OWNER,monthly issuance,940526,44,east Bohemia,105606,77,26,7,2,7,53.0,8254,2.79,3.76,97,2166,2325,18,True,800917,44,east Bohemia,105606,77,26,7,2,7,53.0,8254,2.79,3.76,97,2166,2325
235,5350,1967,960421,249312,48,5194,1,2392,OWNER,weekly issuance,950213,26,west Bohemia,170449,0,0,0,1,1,100.0,10787,2.64,3.09,131,6041,6261,43,False,550521,26,west Bohemia,170449,0,0,0,1,1,100.0,10787,2.64,3.09,131,6041,6261
236,6063,5213,960425,320976,48,6687,-1,6299,OWNER,monthly issuance,950818,1,Prague,1204953,0,0,0,1,1,100.0,12541,0.29,0.43,167,85677,99107,62,False,360809,1,Prague,1204953,0,0,0,1,1,100.0,12541,0.29,0.43,167,85677,99107
237,6501,7418,960429,30276,12,2523,-1,8888,OWNER,monthly issuance,950407,21,south Bohemia,103347,87,16,7,1,7,67.0,9104,1.51,2.07,123,2299,2354,59,True,390423,21,south Bohemia,103347,87,16,7,1,7,67.0,9104,1.51,2.07,123,2299,2354
238,5452,2352,960429,49440,60,824,1,2843,OWNER,monthly issuance,950121,70,north Moravia,285387,0,2,8,5,7,89.9,10177,6.63,7.75,81,9878,10108,32,True,661006,70,north Moravia,285387,0,2,8,5,7,89.9,10177,6.63,7.75,81,9878,10108
239,4961,19,960429,30276,12,2523,-1,25,OWNER,monthly issuance,950407,21,south Bohemia,103347,87,16,7,1,7,67.0,9104,1.51,2.07,123,2299,2354,59,True,390423,21,south Bohemia,103347,87,16,7,1,7,67.0,9104,1.51,2.07,123,2299,2354
240,4973,67,960502,165960,24,6915,1,78,OWNER,monthly issuance,941019,16,south Bohemia,93931,74,21,10,1,8,56.9,8427,1.12,1.54,107,1874,1913,54,True,440613,16,south Bohemia,93931,74,21,10,1,8,56.9,8427,1.12,1.54,107,1874,1913
241,6190,5794,960506,123600,60,2060,1,7010,OWNER,monthly issuance,950714,70,north Moravia,285387,0,2,8,5,7,89.9,10177,6.63,7.75,81,9878,10108,31,False,670630,70,north Moravia,285387,0,2,8,5,7,89.9,10177,6.63,7.75,81,9878,10108
242,6715,8411,960506,220620,60,3677,1,10081,OWNER,monthly issuance,941202,20,south Bohemia,70646,94,14,3,1,4,58.4,8547,2.65,3.64,120,1563,1542,55,True,430815,20,south Bohemia,70646,94,14,3,1,4,58.4,8547,2.65,3.64,120,1563,1542
243,5892,4462,960514,66480,24,2770,-1,5384,OWNER,weekly issuance,951227,73,north Moravia,182027,17,49,12,2,7,56.4,8746,3.33,3.74,90,4355,4433,63,False,350721,73,north Moravia,182027,17,49,12,2,7,56.4,8746,3.33,3.74,90,4355,4433
244,6550,7614,960518,320592,48,6679,1,9119,OWNER,monthly issuance,950208,62,south Moravia,145688,22,41,13,2,5,40.7,8544,1.29,1.86,109,2719,2906,28,True,701109,62,south Moravia,145688,22,41,13,2,5,40.7,8544,1.29,1.86,109,2719,2906
245,5706,3608,960524,161496,36,4486,1,4352,OWNER,weekly issuance,940830,72,north Moravia,226122,32,50,7,4,4,62.6,8994,3.80,4.79,110,9672,9208,27,False,710724,72,north Moravia,226122,32,50,7,4,4,62.6,8994,3.80,4.79,110,9672,9208
246,5148,940,960529,284280,60,4738,1,1133,OWNER,monthly issuance,941115,37,north Bohemia,114006,71,26,6,2,9,62.3,9065,4.46,5.39,123,4147,4166,40,True,580915,37,north Bohemia,114006,71,26,6,2,9,62.3,9065,4.46,5.39,123,4147,4166
247,6734,8547,960530,173016,36,4806,1,10235,OWNER,weekly issuance,950717,14,south Bohemia,177686,69,27,10,1,9,74.8,10045,1.42,1.71,135,6604,6295,53,True,450223,14,south Bohemia,177686,69,27,10,1,9,74.8,10045,1.42,1.71,135,6604,6295
248,6109,5422,960603,368880,60,6148,1,6544,OWNER,monthly issuance,941022,66,south Moravia,125832,151,41,2,3,5,48.3,8512,3.51,4.12,102,2247,2103,24,False,740804,66,south Moravia,125832,151,41,2,3,5,48.3,8512,3.51,4.12,102,2247,2103
249,6961,9645,960606,176148,36,4893,1,11565,OWNER,monthly issuance,960123,38,north Bohemia,85852,41,23,4,2,4,59.8,8965,7.08,8.23,104,2653,2822,35,True,631120,38,north Bohemia,85852,41,23,4,2,4,59.8,8965,7.08,8.23,104,2653,2822
250,6810,9006,960608,186384,48,3883,1,10785,OWNER,weekly issuance,940902,40,north Bohemia,128118,9,16,6,3,8,85.3,9317,6.49,7.07,97,6949,6872,39,False,590129,40,north Bohemia,128118,9,16,6,3,8,85.3,9317,6.49,7.07,97,6949,6872
251,5494,2572,960613,360000,48,7500,1,3103,OWNER,issuance after transaction,941113,64,south Moravia,197099,29,41,10,2,10,74.7,9624,1.60,2.31,145,4484,4265,25,True,730307,64,south Moravia,197099,29,41,10,2,10,74.7,9624,1.60,2.31,145,4484,4265
252,5311,1766,960615,30060,60,501,1,2141,OWNER,monthly issuance,940903,28,west Bohemia,72541,66,26,10,0,8,36.9,8594,1.62,2.01,112,1580,1525,47,False,510906,28,west Bohemia,72541,66,26,10,0,8,36.9,8594,1.62,2.01,112,1580,1525
253,5445,2322,960629,46320,24,1930,1,2809,OWNER,monthly issuance,950102,33,north Bohemia,133777,24,17,7,3,11,84.7,8705,5.75,7.61,116,4650,4859,19,False,790214,33,north Bohemia,133777,24,17,7,3,11,84.7,8705,5.75,7.61,116,4650,4859
254,5301,1698,960706,141948,36,3943,1,2063,OWNER,monthly issuance,960314,68,north Moravia,228848,15,40,18,2,6,57.2,9893,4.09,4.72,96,5623,5887,48,True,500926,68,north Moravia,228848,15,40,18,2,6,57.2,9893,4.09,4.72,96,5623,5887
255,7034,10001,960711,19044,36,529,1,11995,OWNER,monthly issuance,950528,24,west Bohemia,122603,25,21,6,2,8,80.0,8991,1.39,2.01,128,5198,5273,24,True,740405,24,west Bohemia,122603,25,21,6,2,8,80.0,8991,1.39,2.01,128,5198,5273
256,6751,8680,960714,85716,36,2381,1,10394,OWNER,monthly issuance,960212,17,south Bohemia,74062,99,15,4,2,7,61.4,8114,2.38,2.62,119,1003,1181,60,False,380503,17,south Bohemia,74062,99,15,4,2,7,61.4,8114,2.38,2.62,119,1003,1181
257,6667,8127,960715,155880,24,6495,1,9732,OWNER,monthly issuance,941013,37,north Bohemia,114006,71,26,6,2,9,62.3,9065,4.46,5.39,123,4147,4166,30,True,681030,37,north Bohemia,114006,71,26,6,2,9,62.3,9065,4.46,5.39,123,4147,4166
258,6130,5541,960718,32640,48,680,1,6691,OWNER,monthly issuance,950324,43,east Bohemia,161854,73,21,6,1,6,76.3,9425,1.72,2.5,125,4085,3891,56,False,421015,43,east Bohemia,161854,73,21,6,1,6,76.3,9425,1.72,2.5,125,4085,3891
259,5429,2268,960718,20196,36,561,1,2746,OWNER,monthly issuance,950211,1,Prague,1204953,0,0,0,1,1,100.0,12541,0.29,0.43,167,85677,99107,27,False,710225,1,Prague,1204953,0,0,0,1,1,100.0,12541,0.29,0.43,167,85677,99107
260,5725,3679,960723,444864,48,9268,1,4434,OWNER,monthly issuance,950815,64,south Moravia,197099,29,41,10,2,10,74.7,9624,1.60,2.31,145,4484,4265,34,False,640329,64,south Moravia,197099,29,41,10,2,10,74.7,9624,1.60,2.31,145,4484,4265
261,6019,5033,960725,11400,12,950,1,6077,OWNER,monthly issuance,950803,54,south Moravia,387570,0,0,0,1,1,100.0,9897,1.60,1.96,140,18721,18696,18,True,800430,54,south Moravia,387570,0,0,0,1,1,100.0,9897,1.60,1.96,140,18721,18696
262,6421,6985,960725,96768,36,2688,1,8432,OWNER,monthly issuance,950727,38,north Bohemia,85852,41,23,4,2,4,59.8,8965,7.08,8.23,104,2653,2822,30,True,680106,38,north Bohemia,85852,41,23,4,2,4,59.8,8965,7.08,8.23,104,2653,2822
263,6992,9790,960727,133968,48,2791,1,11742,OWNER,monthly issuance,951109,52,east Bohemia,139012,59,41,8,3,10,61.9,8363,2.52,3.49,108,2564,2799,55,False,430530,52,east Bohemia,139012,59,41,8,3,10,61.9,8363,2.52,3.49,108,2564,2799
264,5136,846,960728,187104,24,7796,1,1020,OWNER,monthly issuance,960309,72,north Moravia,226122,32,50,7,4,4,62.6,8994,3.80,4.79,110,9672,9208,21,True,770510,72,north Moravia,226122,32,50,7,4,4,62.6,8994,3.80,4.79,110,9672,9208
265,5337,1886,960731,162468,36,4513,1,2288,OWNER,monthly issuance,960305,32,north Bohemia,105058,32,19,7,2,10,81.0,9272,2.80,3.22,118,4340,4505,41,True,570823,32,north Bohemia,105058,32,19,7,2,10,81.0,9272,2.80,3.22,118,4340,4505
266,5495,2580,960802,89340,60,1489,1,3113,OWNER,monthly issuance,951109,60,south Moravia,110643,49,41,4,1,4,51.9,8441,3.45,4.48,115,1879,2252,27,True,711112,60,south Moravia,110643,49,41,4,1,4,51.9,8441,3.45,4.48,115,1879,2252
267,7013,9928,960802,89340,60,1489,1,11912,OWNER,monthly issuance,951109,60,south Moravia,110643,49,41,4,1,4,51.9,8441,3.45,4.48,115,1879,2252,27,True,711112,60,south Moravia,110643,49,41,4,1,4,51.9,8441,3.45,4.48,115,1879,2252
268,6012,4994,960803,258444,36,7179,1,6033,OWNER,weekly issuance,960111,1,Prague,1204953,0,0,0,1,1,100.0,12541,0.29,0.43,167,85677,99107,32,False,660527,1,Prague,1204953,0,0,0,1,1,100.0,12541,0.29,0.43,167,85677,99107
269,6471,7184,960804,155640,24,6485,1,8670,OWNER,monthly issuance,950619,5,central Bohemia,95616,65,30,4,1,6,51.4,9307,3.85,4.43,118,2616,3040,55,True,430107,5,central Bohemia,95616,65,30,4,1,6,51.4,9307,3.85,4.43,118,2616,3040
270,6296,6358,960806,270384,48,5633,1,7678,OWNER,monthly issuance,950527,3,central Bohemia,75232,55,26,4,1,5,41.7,8980,1.95,2.21,111,2824,2813,36,False,620407,3,central Bohemia,75232,55,26,4,1,5,41.7,8980,1.95,2.21,111,2824,2813
271,7305,11359,960806,54024,12,4502,1,13660,OWNER,monthly issuance,941001,61,south Moravia,117897,139,28,5,1,6,53.8,8814,4.76,5.74,107,2112,2059,30,False,680413,61,south Moravia,117897,139,28,5,1,6,53.8,8814,4.76,5.74,107,2112,2059
272,6144,5593,960809,44376,12,3698,1,6753,OWNER,monthly issuance,960227,15,south Bohemia,58796,22,16,7,1,5,51.9,9045,3.13,3.6,124,1845,1879,36,False,620523,15,south Bohemia,58796,22,16,7,1,5,51.9,9045,3.13,3.6,124,1845,1879
273,6283,6289,960811,85632,48,1784,1,7594,OWNER,monthly issuance,950405,64,south Moravia,197099,29,41,10,2,10,74.7,9624,1.60,2.31,145,4484,4265,49,True,490407,64,south Moravia,197099,29,41,10,2,10,74.7,9624,1.60,2.31,145,4484,4265
274,7246,11054,960820,148920,60,2482,1,13282,OWNER,weekly issuance,960201,59,south Moravia,108871,41,29,7,2,6,62.1,8444,3.24,3.47,106,2595,2305,21,False,770803,59,south Moravia,108871,41,29,7,2,6,62.1,8444,3.24,3.47,106,2595,2305
275,5088,544,960822,91152,24,3798,1,655,OWNER,monthly issuance,950515,32,north Bohemia,105058,32,19,7,2,10,81.0,9272,2.80,3.22,118,4340,4505,56,False,421210,32,north Bohemia,105058,32,19,7,2,10,81.0,9272,2.80,3.22,118,4340,4505
276,5988,4851,960822,141648,24,5902,1,5858,OWNER,monthly issuance,960204,52,east Bohemia,139012,59,41,8,3,10,61.9,8363,2.52,3.49,108,2564,2799,46,False,520717,52,east Bohemia,139012,59,41,8,3,10,61.9,8363,2.52,3.49,108,2564,2799
277,5282,1583,960824,388512,48,8094,-1,1917,OWNER,issuance after transaction,941117,69,north Moravia,42821,4,13,5,1,3,48.4,8173,?,7.01,124,?,1358,29,True,690313,69,north Moravia,42821,4,13,5,1,3,48.4,8173,?,7.01,124,?,1358
278,5938,4650,960825,402000,60,6700,1,5606,OWNER,monthly issuance,951015,4,central Bohemia,149893,63,29,6,2,6,67.4,9753,4.64,5.05,109,5244,5892,18,False,800806,4,central Bohemia,149893,63,29,6,2,6,67.4,9753,4.64,5.05,109,5244,5892
279,5606,3084,960828,253512,36,7042,-1,3730,OWNER,weekly issuance,960128,59,south Moravia,108871,41,29,7,2,6,62.1,8444,3.24,3.47,106,2595,2305,53,True,450807,59,south Moravia,108871,41,29,7,2,6,62.1,8444,3.24,3.47,106,2595,2305
280,5385,2143,960909,71460,36,1985,1,2592,OWNER,monthly issuance,960113,1,Prague,1204953,0,0,0,1,1,100.0,12541,0.29,0.43,167,85677,99107,18,True,800831,1,Prague,1204953,0,0,0,1,1,100.0,12541,0.29,0.43,167,85677,99107
281,6865,9199,960911,29448,12,2454,-1,11019,OWNER,monthly issuance,960515,72,north Moravia,226122,32,50,7,4,4,62.6,8994,3.80,4.79,110,9672,9208,51,False,471021,72,north Moravia,226122,32,50,7,4,4,62.6,8994,3.80,4.79,110,9672,9208
282,5586,2994,960914,48744,36,1354,1,3616,OWNER,monthly issuance,960503,77,north Moravia,148545,8,35,12,3,4,53.5,8909,4.01,5.56,113,3460,3590,34,True,640414,77,north Moravia,148545,8,35,12,3,4,53.5,8909,4.01,5.56,113,3460,3590
283,6302,6397,960916,181020,60,3017,1,7723,OWNER,monthly issuance,950315,48,east Bohemia,78955,50,24,8,1,9,59.0,9060,1.78,2.44,124,1655,1717,32,True,660614,48,east Bohemia,78955,50,24,8,1,9,59.0,9060,1.78,2.44,124,1655,1717
284,7194,10762,960917,68832,36,1912,1,12923,OWNER,monthly issuance,951023,1,Prague,1204953,0,0,0,1,1,100.0,12541,0.29,0.43,167,85677,99107,39,False,590701,1,Prague,1204953,0,0,0,1,1,100.0,12541,0.29,0.43,167,85677,99107
285,6461,7136,960919,74124,36,2059,1,8615,OWNER,weekly issuance,950409,12,central Bohemia,107870,84,29,6,1,6,58.0,8754,3.83,4.31,137,3804,3868,59,True,390413,12,central Bohemia,107870,84,29,6,1,6,58.0,8754,3.83,4.31,137,3804,3868
286,6732,8533,960919,174048,48,3626,1,10220,OWNER,monthly issuance,951010,47,east Bohemia,162580,83,26,5,1,6,72.8,9538,1.51,1.81,111,6079,5410,46,True,520216,47,east Bohemia,162580,83,26,5,1,6,72.8,9538,1.51,1.81,111,6079,5410
287,6613,7926,960922,84120,24,3505,1,9490,OWNER,weekly issuance,960609,69,north Moravia,42821,4,13,5,1,3,48.4,8173,?,7.01,124,?,1358,48,True,500302,69,north Moravia,42821,4,13,5,1,3,48.4,8173,?,7.01,124,?,1358
288,7036,10019,960925,194940,36,5415,1,12017,OWNER,monthly issuance,950615,8,central Bohemia,112065,95,19,7,1,8,69.4,11277,1.25,1.44,127,5179,4987,34,False,641030,8,central Bohemia,112065,95,19,7,1,8,69.4,11277,1.25,1.44,127,5179,4987
289,5897,4476,960925,15192,24,633,1,5399,OWNER,monthly issuance,941110,24,west Bohemia,122603,25,21,6,2,8,80.0,8991,1.39,2.01,128,5198,5273,26,True,721227,24,west Bohemia,122603,25,21,6,2,8,80.0,8991,1.39,2.01,128,5198,5273
290,6995,9814,960926,96168,12,8014,1,11771,OWNER,weekly issuance,950119,64,south Moravia,197099,29,41,10,2,10,74.7,9624,1.60,2.31,145,4484,4265,26,True,720812,64,south Moravia,197099,29,41,10,2,10,74.7,9624,1.60,2.31,145,4484,4265
291,5415,2236,960926,139464,36,3874,-1,2708,OWNER,monthly issuance,950827,73,north Moravia,182027,17,49,12,2,7,56.4,8746,3.33,3.74,90,4355,4433,40,False,580812,73,north Moravia,182027,17,49,12,2,7,56.4,8746,3.33,3.74,90,4355,4433
292,7136,10436,960928,54396,36,1511,1,12532,OWNER,monthly issuance,960321,60,south Moravia,110643,49,41,4,1,4,51.9,8441,3.45,4.48,115,1879,2252,59,False,390727,60,south Moravia,110643,49,41,4,1,4,51.9,8441,3.45,4.48,115,1879,2252
293,7271,11186,961002,392460,60,6541,1,13442,OWNER,monthly issuance,941124,12,central Bohemia,107870,84,29,6,1,6,58.0,8754,3.83,4.31,137,3804,3868,18,True,801113,12,central Bohemia,107870,84,29,6,1,6,58.0,8754,3.83,4.31,137,3804,3868
294,5375,2106,961003,101520,12,8460,1,2550,OWNER,monthly issuance,960201,1,Prague,1204953,0,0,0,1,1,100.0,12541,0.29,0.43,167,85677,99107,22,True,761012,1,Prague,1204953,0,0,0,1,1,100.0,12541,0.29,0.43,167,85677,99107
295,5635,3230,961004,77184,36,2144,1,3907,OWNER,monthly issuance,950311,1,Prague,1204953,0,0,0,1,1,100.0,12541,0.29,0.43,167,85677,99107,44,True,541209,1,Prague,1204953,0,0,0,1,1,100.0,12541,0.29,0.43,167,85677,99107
296,6817,9024,961004,70656,48,1472,1,10806,OWNER,monthly issuance,960105,1,Prague,1204953,0,0,0,1,1,100.0,12541,0.29,0.43,167,85677,99107,46,False,520726,1,Prague,1204953,0,0,0,1,1,100.0,12541,0.29,0.43,167,85677,99107
297,5923,4585,961010,64656,48,1347,1,5526,OWNER,monthly issuance,960608,27,west Bohemia,67298,71,19,10,0,7,43.8,8561,0.65,1.29,110,1029,1127,51,False,470319,27,west Bohemia,67298,71,19,10,0,7,43.8,8561,0.65,1.29,110,1029,1127
298,5329,1862,961016,396120,60,6602,1,2259,OWNER,weekly issuance,950415,19,south Bohemia,51428,50,11,3,1,4,52.7,8402,3.13,3.98,120,999,1099,48,True,500102,19,south Bohemia,51428,50,11,3,1,4,52.7,8402,3.13,3.98,120,999,1099
299,6644,8039,961020,93600,24,3900,1,9622,OWNER,monthly issuance,951217,9,central Bohemia,81344,61,23,4,2,6,55.3,8899,3.39,3.97,149,2987,2487,26,False,720623,9,central Bohemia,81344,61,23,4,2,6,55.3,8899,3.39,3.97,149,2987,2487
300,6354,6688,961023,22968,36,638,1,8076,OWNER,monthly issuance,960625,16,south Bohemia,93931,74,21,10,1,8,56.9,8427,1.12,1.54,107,1874,1913,48,True,500727,16,south Bohemia,93931,74,21,10,1,8,56.9,8427,1.12,1.54,107,1874,1913
301,5082,501,961024,262980,60,4383,1,603,OWNER,monthly issuance,951021,13,central Bohemia,53921,61,22,1,1,2,41.3,8598,2.77,3.26,123,1597,1875,32,True,660309,13,central Bohemia,53921,61,22,1,1,2,41.3,8598,2.77,3.26,123,1597,1875
302,6585,7795,961029,372120,60,6202,1,9333,OWNER,monthly issuance,950105,64,south Moravia,197099,29,41,10,2,10,74.7,9624,1.60,2.31,145,4484,4265,53,False,450126,64,south Moravia,197099,29,41,10,2,10,74.7,9624,1.60,2.31,145,4484,4265
303,6921,9422,961029,86184,12,7182,1,11288,OWNER,monthly issuance,960306,70,north Moravia,285387,0,2,8,5,7,89.9,10177,6.63,7.75,81,9878,10108,58,True,401204,70,north Moravia,285387,0,2,8,5,7,89.9,10177,6.63,7.75,81,9878,10108
304,5366,2062,961029,86184,12,7182,1,2501,OWNER,monthly issuance,960306,70,north Moravia,285387,0,2,8,5,7,89.9,10177,6.63,7.75,81,9878,10108,58,True,401204,70,north Moravia,285387,0,2,8,5,7,89.9,10177,6.63,7.75,81,9878,10108
305,5886,4447,961031,192744,36,5354,1,5364,OWNER,monthly issuance,960616,62,south Moravia,145688,22,41,13,2,5,40.7,8544,1.29,1.86,109,2719,2906,34,False,640314,62,south Moravia,145688,22,41,13,2,5,40.7,8544,1.29,1.86,109,2719,2906
306,5741,3754,961103,68544,24,2856,1,4529,OWNER,weekly issuance,960219,37,north Bohemia,114006,71,26,6,2,9,62.3,9065,4.46,5.39,123,4147,4166,22,False,760916,37,north Bohemia,114006,71,26,6,2,9,62.3,9065,4.46,5.39,123,4147,4166
307,4996,132,961106,88440,12,7370,1,158,OWNER,issuance after transaction,960511,40,north Bohemia,128118,9,16,6,3,8,85.3,9317,6.49,7.07,97,6949,6872,53,True,450703,40,north Bohemia,128118,9,16,6,3,8,85.3,9317,6.49,7.07,97,6949,6872
308,6015,5001,961109,110112,24,4588,1,6042,OWNER,monthly issuance,951215,53,south Moravia,107911,88,33,6,2,7,50.9,8240,2.53,3.56,99,1850,1903,35,False,631012,53,south Moravia,107911,88,33,6,2,7,50.9,8240,2.53,3.56,99,1850,1903
309,6309,6434,961111,110136,24,4589,1,7765,OWNER,monthly issuance,950508,1,Prague,1204953,0,0,0,1,1,100.0,12541,0.29,0.43,167,85677,99107,40,True,580224,1,Prague,1204953,0,0,0,1,1,100.0,12541,0.29,0.43,167,85677,99107
310,6073,5263,961112,276300,60,4605,1,6359,OWNER,monthly issuance,950714,64,south Moravia,197099,29,41,10,2,10,74.7,9624,1.60,2.31,145,4484,4265,22,False,760706,64,south Moravia,197099,29,41,10,2,10,74.7,9624,1.60,2.31,145,4484,4265
311,6006,4948,961115,359760,60,5996,1,5977,OWNER,monthly issuance,950729,43,east Bohemia,161854,73,21,6,1,6,76.3,9425,1.72,2.5,125,4085,3891,19,False,790531,43,east Bohemia,161854,73,21,6,1,6,76.3,9425,1.72,2.5,125,4085,3891
312,5611,3115,961115,321180,60,5353,1,3767,OWNER,monthly issuance,960327,14,south Bohemia,177686,69,27,10,1,9,74.8,10045,1.42,1.71,135,6604,6295,62,False,360907,14,south Bohemia,177686,69,27,10,1,9,74.8,10045,1.42,1.71,135,6604,6295
313,6944,9548,961115,46176,48,962,1,11446,OWNER,monthly issuance,960607,62,south Moravia,145688,22,41,13,2,5,40.7,8544,1.29,1.86,109,2719,2906,32,False,661103,62,south Moravia,145688,22,41,13,2,5,40.7,8544,1.29,1.86,109,2719,2906
314,7101,10297,961118,421008,48,8771,1,12354,OWNER,monthly issuance,960119,14,south Bohemia,177686,69,27,10,1,9,74.8,10045,1.42,1.71,135,6604,6295,45,False,530601,14,south Bohemia,177686,69,27,10,1,9,74.8,10045,1.42,1.71,135,6604,6295
315,6599,7859,961119,72120,12,6010,1,9409,OWNER,monthly issuance,950314,52,east Bohemia,139012,59,41,8,3,10,61.9,8363,2.52,3.49,108,2564,2799,46,True,521110,52,east Bohemia,139012,59,41,8,3,10,61.9,8363,2.52,3.49,108,2564,2799
316,6940,9510,961122,228276,36,6341,1,11401,OWNER,monthly issuance,960609,1,Prague,1204953,0,0,0,1,1,100.0,12541,0.29,0.43,167,85677,99107,37,False,610803,1,Prague,1204953,0,0,0,1,1,100.0,12541,0.29,0.43,167,85677,99107
317,5209,1250,961125,182640,48,3805,1,1509,OWNER,monthly issuance,960328,62,south Moravia,145688,22,41,13,2,5,40.7,8544,1.29,1.86,109,2719,2906,56,True,420419,62,south Moravia,145688,22,41,13,2,5,40.7,8544,1.29,1.86,109,2719,2906
318,5388,2153,961128,61560,12,5130,1,2606,OWNER,weekly issuance,960107,31,west Bohemia,51313,34,12,3,1,4,59.2,8930,3.52,4.2,108,1328,1452,55,False,430104,31,west Bohemia,51313,34,12,3,1,4,59.2,8930,3.52,4.2,108,1328,1452
319,6011,4981,961128,179328,48,3736,1,6015,OWNER,monthly issuance,960122,54,south Moravia,387570,0,0,0,1,1,100.0,9897,1.60,1.96,140,18721,18696,25,False,731121,54,south Moravia,387570,0,0,0,1,1,100.0,9897,1.60,1.96,140,18721,18696
320,5591,3021,961204,155616,48,3242,1,3649,OWNER,monthly issuance,960420,10,central Bohemia,92084,55,29,4,3,5,46.7,10124,0.56,0.54,141,3810,4316,39,True,591025,10,central Bohemia,92084,55,29,4,3,5,46.7,10124,0.56,0.54,141,3810,4316
321,7154,10520,961205,417600,60,6960,1,12635,OWNER,issuance after transaction,951024,55,south Moravia,157042,49,70,18,0,9,33.9,8743,1.88,2.43,111,3659,3894,28,False,701012,55,south Moravia,157042,49,70,18,0,9,33.9,8743,1.88,2.43,111,3659,3894
322,7130,10411,961211,123408,24,5142,1,12502,OWNER,issuance after transaction,951123,39,north Bohemia,119895,17,4,3,2,4,89.9,10446,7.34,9.4,90,4947,4743,34,False,641014,39,north Bohemia,119895,17,4,3,2,4,89.9,10446,7.34,9.4,90,4947,4743
323,6818,9030,961212,155616,48,3242,1,10813,OWNER,monthly issuance,950121,72,north Moravia,226122,32,50,7,4,4,62.6,8994,3.80,4.79,110,9672,9208,27,True,710410,72,north Moravia,226122,32,50,7,4,4,62.6,8994,3.80,4.79,110,9672,9208
324,5625,3189,961215,222180,60,3703,-1,3855,OWNER,monthly issuance,951129,29,west Bohemia,45714,52,10,5,1,6,55.6,8843,2.82,3.6,113,818,888,59,False,390320,29,west Bohemia,45714,52,10,5,1,6,55.6,8843,2.82,3.6,113,818,888
325,6805,8972,961221,45024,48,938,1,10742,OWNER,monthly issuance,960521,70,north Moravia,285387,0,2,8,5,7,89.9,10177,6.63,7.75,81,9878,10108,41,True,570504,70,north Moravia,285387,0,2,8,5,7,89.9,10177,6.63,7.75,81,9878,10108
326,7233,10963,961225,115812,36,3217,1,13172,OWNER,monthly issuance,950520,16,south Bohemia,93931,74,21,10,1,8,56.9,8427,1.12,1.54,107,1874,1913,45,False,530601,16,south Bohemia,93931,74,21,10,1,8,56.9,8427,1.12,1.54,107,1874,1913
327,7308,11362,961227,129408,24,5392,1,13663,OWNER,monthly issuance,951014,67,north Moravia,106054,38,25,6,2,6,63.1,8110,5.77,6.55,109,3244,3079,36,True,621019,67,north Moravia,106054,38,25,6,2,6,63.1,8110,5.77,6.55,109,3244,3079
