account_id,loan_date,amount,loan_duration,payments,loan_success,account_frequency,account_creation,account_district no. of inhabitants,account_district ratio of urban inhabitants ,account_district average salary ,account_district unemploymant rate '96 ,account_district no. of enterpreneurs per 1000 inhabitants ,account_district no. of commited crimes '96 ,age,women,client_district no. of inhabitants,client_district ratio of urban inhabitants ,client_district average salary ,client_district unemploymant rate '96 ,client_district no. of enterpreneurs per 1000 inhabitants ,client_district no. of commited crimes '96 ,card_type,card_issue_date
1787,930705,96396,12,8033,-1,weekly issuance,930322,94812,81.8,9650,3.67,100,2804,51,True,94812,81.8,9650,3.67,100,2804,,
1801,930711,165960,36,4610,1,monthly issuance,930213,112709,73.5,8369,2.31,117,2618,30,False,112709,73.5,8369,2.31,117,2618,,
9188,930728,127080,60,2118,1,monthly issuance,930208,77917,53.5,8390,2.89,132,2122,62,False,77917,53.5,8390,2.89,132,2122,,
1843,930803,105804,36,2939,1,monthly issuance,930130,107870,58.0,8754,4.31,137,3868,58,True,177686,74.8,10045,1.71,135,6295,,
11013,930906,274740,60,4579,1,weekly issuance,930214,1204953,100.0,12541,0.43,167,99107,20,False,86513,50.5,8288,4.52,110,1460,,
8261,930913,87840,24,3660,1,monthly issuance,930512,53921,41.3,8598,3.26,123,1875,18,True,53921,41.3,8598,3.26,123,1875,,
8261,930913,87840,24,3660,1,monthly issuance,930512,53921,41.3,8598,3.26,123,1875,18,True,53921,41.3,8598,3.26,123,1875,,
11265,930915,52788,12,4399,1,monthly issuance,930114,58796,51.9,9045,3.6,124,1879,25,False,58796,51.9,9045,3.6,124,1879,,
5428,930924,174744,24,7281,-1,monthly issuance,930414,122603,80.0,8991,2.01,128,5273,50,True,122603,80.0,8991,2.01,128,5273,,
10973,931013,154416,48,3217,1,weekly issuance,930420,70699,65.3,8968,3.35,131,1910,29,True,70699,65.3,8968,3.35,131,1910,,
4894,931104,117024,24,4876,1,monthly issuance,930620,177686,74.8,10045,1.71,135,6295,63,False,177686,74.8,10045,1.71,135,6295,,
10364,931110,21924,36,609,1,monthly issuance,930117,157042,33.9,8743,2.43,111,3894,38,False,157042,33.9,8743,2.43,111,3894,,
10364,931110,21924,36,609,1,monthly issuance,930117,157042,33.9,8743,2.43,111,3894,38,False,157042,33.9,8743,2.43,111,3894,,
5270,931122,79608,24,3317,1,monthly issuance,930113,105606,53.0,8254,3.76,97,2325,28,False,105606,53.0,8254,3.76,97,2325,,
6034,931201,464520,60,7742,-1,weekly issuance,930319,77963,51.5,8546,4.02,126,3120,58,True,148545,53.5,8909,5.56,113,3590,,
6701,931208,95400,36,2650,1,weekly issuance,930315,75685,60.8,8208,2.26,155,2123,27,False,95616,51.4,9307,4.43,118,3040,,
2705,931208,93888,36,2608,1,issuance after transaction,930705,86513,50.5,8288,4.52,110,1460,48,True,86513,50.5,8288,4.52,110,1460,,
7123,931209,47016,12,3918,1,issuance after transaction,930414,197099,74.7,9624,2.31,145,4265,41,True,112709,73.5,8369,2.31,117,2618,,
10320,931213,259740,60,4329,1,monthly issuance,930711,228848,57.2,9893,4.72,96,5887,19,False,228848,57.2,9893,4.72,96,5887,,
9034,931216,38148,12,3179,1,monthly issuance,930628,1204953,100.0,12541,0.43,167,99107,33,True,1204953,100.0,12541,0.43,167,99107,,
9236,931221,86616,12,7218,1,monthly issuance,930818,75637,36.5,9622,0.59,154,3529,37,False,75637,36.5,9622,0.59,154,3529,,
10266,931223,75624,24,3151,-1,monthly issuance,930610,387570,100.0,9897,1.96,140,18696,40,False,387570,100.0,9897,1.96,140,18696,,
2,940105,80952,24,3373,1,monthly issuance,930226,1204953,100.0,12541,0.43,167,99107,53,False,1204953,100.0,12541,0.43,167,99107,,
2,940105,80952,24,3373,1,monthly issuance,930226,1204953,100.0,12541,0.43,167,99107,53,False,1204953,100.0,12541,0.43,167,99107,,
7401,940105,80952,24,3373,1,monthly issuance,930226,1204953,100.0,12541,0.43,167,99107,53,False,1204953,100.0,12541,0.43,167,99107,,
7401,940105,80952,24,3373,1,monthly issuance,930226,1204953,100.0,12541,0.43,167,99107,53,False,1204953,100.0,12541,0.43,167,99107,,
2486,940110,24516,12,2043,1,monthly issuance,930227,1204953,100.0,12541,0.43,167,99107,40,False,1204953,100.0,12541,0.43,167,99107,,
1071,940120,253200,60,4220,1,weekly issuance,930510,228848,57.2,9893,4.72,96,5887,48,True,139012,61.9,8363,3.49,108,2799,,
8475,940121,21072,24,878,1,monthly issuance,930908,149893,67.4,9753,5.05,109,5892,34,True,74062,61.4,8114,2.62,119,1181,,
11111,940131,108144,36,3004,1,monthly issuance,930520,1204953,100.0,12541,0.43,167,99107,35,True,108871,62.1,8444,3.47,106,2305,,
11111,940131,108144,36,3004,1,monthly issuance,930520,1204953,100.0,12541,0.43,167,99107,35,True,108871,62.1,8444,3.47,106,2305,,
1603,940206,78936,12,6578,1,monthly issuance,930509,1204953,100.0,12541,0.43,167,99107,41,True,51313,59.2,8930,4.2,108,1452,,
1166,940207,149040,48,3105,1,monthly issuance,930421,75637,36.5,9622,0.59,154,3529,30,True,75637,36.5,9622,0.59,154,3529,,
8073,940217,49320,12,4110,-1,issuance after transaction,930903,122603,80.0,8991,2.01,128,5273,53,True,122603,80.0,8991,2.01,128,5273,,
10940,940223,197748,36,5493,1,monthly issuance,930913,102609,52.0,8187,5.45,94,2134,28,True,53921,41.3,8598,3.26,123,1875,,
10940,940223,197748,36,5493,1,monthly issuance,930913,102609,52.0,8187,5.45,94,2134,28,True,53921,41.3,8598,3.26,123,1875,,
5313,940227,300660,60,5011,1,monthly issuance,930429,128118,85.3,9317,7.07,97,6872,48,False,128118,85.3,9317,7.07,97,6872,,
11135,940301,182628,36,5073,1,monthly issuance,931010,138032,64.6,8819,5.66,99,4505,39,False,138032,64.6,8819,5.66,99,4505,,
2694,940308,91632,12,7636,1,monthly issuance,930308,94725,63.4,9920,2.87,130,4846,36,True,139012,61.9,8363,3.49,108,2799,,
2694,940308,91632,12,7636,1,monthly issuance,930308,94725,63.4,9920,2.87,130,4846,36,True,139012,61.9,8363,3.49,108,2799,,
7753,940311,51696,24,2154,1,monthly issuance,930208,323870,100.0,10673,5.44,100,18347,30,True,323870,100.0,10673,5.44,100,18347,classic,931107.0
7445,940315,55368,24,2307,1,monthly issuance,930318,197099,74.7,9624,2.31,145,4265,59,True,197099,74.7,9624,2.31,145,4265,,
7485,940316,91200,24,3800,1,monthly issuance,930728,119895,89.9,10446,9.4,90,4743,43,True,119895,89.9,10446,9.4,90,4743,,
7485,940316,91200,24,3800,1,monthly issuance,930728,119895,89.9,10446,9.4,90,4743,43,True,119895,89.9,10446,9.4,90,4743,,
8330,940330,7656,24,319,1,monthly issuance,930328,78955,59.0,9060,2.44,124,1717,36,True,78955,59.0,9060,2.44,124,1717,,
8330,940330,7656,24,319,1,monthly issuance,930328,78955,59.0,9060,2.44,124,1717,36,True,78955,59.0,9060,2.44,124,1717,,
6555,940331,212400,36,5900,1,weekly issuance,930305,85852,59.8,8965,8.23,104,2822,32,True,85852,59.8,8965,8.23,104,2822,,
10079,940406,167100,60,2785,1,monthly issuance,930506,145688,40.7,8544,1.86,109,2906,28,True,145688,40.7,8544,1.86,109,2906,,
10079,940406,167100,60,2785,1,monthly issuance,930506,145688,40.7,8544,1.86,109,2906,28,True,145688,40.7,8544,1.86,109,2906,,
5385,940407,149340,60,2489,1,weekly issuance,930521,105606,53.0,8254,3.76,97,2325,35,False,105606,53.0,8254,3.76,97,2325,,
5891,940418,65184,12,5432,1,monthly issuance,930125,387570,100.0,9897,1.96,140,18696,41,False,75232,41.7,8980,2.21,111,2813,,
10131,940502,215388,36,5983,-1,monthly issuance,931127,1204953,100.0,12541,0.43,167,99107,39,False,119895,89.9,10446,9.4,90,4743,,
8321,940509,89040,60,1484,1,monthly issuance,930412,148545,53.5,8909,5.56,113,3590,28,True,148545,53.5,8909,5.56,113,3590,,
8321,940509,89040,60,1484,1,monthly issuance,930412,148545,53.5,8909,5.56,113,3590,28,True,148545,53.5,8909,5.56,113,3590,,
5256,940510,193968,36,5388,1,issuance after transaction,931025,226122,62.6,8994,4.79,110,9208,26,False,226122,62.6,8994,4.79,110,9208,,
813,940511,24312,12,2026,1,monthly issuance,930210,93931,56.9,8427,1.54,107,1913,43,True,93931,56.9,8427,1.54,107,1913,,
2933,940517,272520,60,4542,1,monthly issuance,930618,92084,46.7,10124,0.54,141,4316,59,False,92084,46.7,10124,0.54,141,4316,,
2933,940517,272520,60,4542,1,monthly issuance,930618,92084,46.7,10124,0.54,141,4316,59,False,92084,46.7,10124,0.54,141,4316,,
8173,940520,80340,12,6695,1,monthly issuance,930705,75637,36.5,9622,0.59,154,3529,22,True,1204953,100.0,12541,0.43,167,99107,,
8173,940520,80340,12,6695,1,monthly issuance,930705,75637,36.5,9622,0.59,154,3529,22,True,1204953,100.0,12541,0.43,167,99107,,
9833,940521,97632,12,8136,1,monthly issuance,930724,70646,58.4,8547,3.64,120,1542,30,True,103347,67.0,9104,2.07,123,2354,,
7769,940522,196080,48,4085,1,monthly issuance,931003,87419,85.5,8624,2.66,102,3198,40,False,87419,85.5,8624,2.66,102,3198,,
6473,940526,76908,12,6409,-1,monthly issuance,930126,107870,58.0,8754,4.31,137,3868,52,True,149893,67.4,9753,5.05,109,5892,,
7454,940526,63312,48,1319,1,monthly issuance,930419,149893,67.4,9753,5.05,109,5892,42,True,51313,59.2,8930,4.2,108,1452,,
6930,940526,25944,24,1081,1,monthly issuance,930908,118650,85.6,9832,4.48,114,5471,38,True,118650,85.6,9832,4.48,114,5471,,
173,940531,104808,12,8734,1,monthly issuance,931126,125832,48.3,8512,4.12,102,2103,59,False,125832,48.3,8512,4.12,102,2103,,
173,940531,104808,12,8734,1,monthly issuance,931126,125832,48.3,8512,4.12,102,2103,59,False,125832,48.3,8512,4.12,102,2103,,
8051,940601,208320,48,4340,1,weekly issuance,930207,1204953,100.0,12541,0.43,167,99107,30,True,51313,59.2,8930,4.2,108,1452,,
8051,940601,208320,48,4340,1,weekly issuance,930207,1204953,100.0,12541,0.43,167,99107,30,True,51313,59.2,8930,4.2,108,1452,,
10439,940603,151560,24,6315,1,monthly issuance,931121,125832,48.3,8512,4.12,102,2103,45,False,125832,48.3,8512,4.12,102,2103,,
9337,940604,52128,24,2172,1,monthly issuance,930913,94812,81.8,9650,3.67,100,2804,39,True,75637,36.5,9622,0.59,154,3529,,
4576,940604,300204,36,8339,1,monthly issuance,930605,67298,43.8,8561,1.29,110,1127,34,False,161954,48.0,8720,4.5,116,3651,,
8027,940605,77640,12,6470,1,weekly issuance,930707,105606,53.0,8254,3.76,97,2325,31,False,67298,43.8,8561,1.29,110,1127,,
5927,940606,87216,48,1817,-1,monthly issuance,931126,58796,51.9,9045,3.6,124,1879,34,False,58796,51.9,9045,3.6,124,1879,,
6273,940607,87360,24,3640,1,monthly issuance,930721,85852,59.8,8965,8.23,104,2822,36,False,85852,59.8,8965,8.23,104,2822,,
11065,940612,69360,48,1445,1,monthly issuance,930319,75637,36.5,9622,0.59,154,3529,57,False,112709,73.5,8369,2.31,117,2618,,
8558,940614,288360,60,4806,1,issuance after transaction,940227,1204953,100.0,12541,0.43,167,99107,63,False,1204953,100.0,12541,0.43,167,99107,,
5442,940617,174744,24,7281,-1,monthly issuance,930322,125236,87.7,9675,7.68,100,5190,20,True,95616,51.4,9307,4.43,118,3040,,
1811,940623,239460,60,3991,1,monthly issuance,930922,128118,85.3,9317,7.07,97,6872,56,True,228848,57.2,9893,4.72,96,5887,,
7844,940625,91584,24,3816,1,monthly issuance,931126,1204953,100.0,12541,0.43,167,99107,47,True,133777,84.7,8705,7.61,116,4859,,
4260,940629,244560,60,4076,1,monthly issuance,931014,124605,46.0,8772,4.98,126,3158,31,True,109164,63.6,8757,3.95,96,2471,,
3354,940705,4980,12,415,1,monthly issuance,931105,86513,50.5,8288,4.52,110,1460,46,True,86513,50.5,8288,4.52,110,1460,,
2762,940705,111384,24,4641,1,monthly issuance,930320,51428,52.7,8402,3.98,120,1099,31,False,75637,36.5,9622,0.59,154,3529,,
6051,940708,276660,36,7685,-1,monthly issuance,930828,124605,46.0,8772,4.98,126,3158,49,False,124605,46.0,8772,4.98,126,3158,,
9265,940711,39576,12,3298,1,monthly issuance,930204,1204953,100.0,12541,0.43,167,99107,18,True,105058,81.0,9272,3.22,118,4505,,
5228,940711,173808,24,7242,1,issuance after transaction,930623,148545,53.5,8909,5.56,113,3590,41,True,148545,53.5,8909,5.56,113,3590,,
5228,940711,173808,24,7242,1,issuance after transaction,930623,148545,53.5,8909,5.56,113,3590,41,True,148545,53.5,8909,5.56,113,3590,,
2824,940716,50460,60,841,1,monthly issuance,931020,75637,36.5,9622,0.59,154,3529,51,True,75637,36.5,9622,0.59,154,3529,,
426,940719,252060,60,4201,-1,monthly issuance,931129,1204953,100.0,12541,0.43,167,99107,33,True,110643,51.9,8441,4.48,115,2252,,
4937,940723,143904,24,5996,1,monthly issuance,930220,107870,58.0,8754,4.31,137,3868,47,False,102609,52.0,8187,5.45,94,2134,,
790,940724,208128,48,4336,-1,monthly issuance,930511,387570,100.0,9897,1.96,140,18696,47,False,387570,100.0,9897,1.96,140,18696,,
10911,940728,131292,36,3647,1,weekly issuance,930529,1204953,100.0,12541,0.43,167,99107,44,False,1204953,100.0,12541,0.43,167,99107,,
8129,940730,74736,36,2076,1,monthly issuance,930626,77917,53.5,8390,2.89,132,2122,33,False,77917,53.5,8390,2.89,132,2122,,
2176,940730,299088,36,8308,-1,monthly issuance,930606,106054,63.1,8110,6.55,109,3079,32,True,106054,63.1,8110,6.55,109,3079,,
9093,940803,189300,60,3155,1,monthly issuance,930616,162580,72.8,9538,1.81,111,5410,45,False,109164,63.6,8757,3.95,96,2471,,
5215,940804,14628,12,1219,1,monthly issuance,930701,157042,33.9,8743,2.43,111,3894,49,True,157042,33.9,8743,2.43,111,3894,,
9403,940805,120888,36,3358,1,weekly issuance,930327,1204953,100.0,12541,0.43,167,99107,54,True,1204953,100.0,12541,0.43,167,99107,,
9104,940807,172080,48,3585,1,monthly issuance,940121,92084,46.7,10124,0.54,141,4316,41,True,92084,46.7,10124,0.54,141,4316,,
5120,940810,323472,48,6739,1,monthly issuance,930621,1204953,100.0,12541,0.43,167,99107,58,True,1204953,100.0,12541,0.43,167,99107,,
8519,940811,74688,12,6224,1,monthly issuance,930402,87419,85.5,8624,2.66,102,3198,53,True,87419,85.5,8624,2.66,102,3198,,
8519,940811,74688,12,6224,1,monthly issuance,930402,87419,85.5,8624,2.66,102,3198,53,True,87419,85.5,8624,2.66,102,3198,,
10788,940823,45768,12,3814,1,weekly issuance,931122,106054,63.1,8110,6.55,109,3079,21,True,226122,62.6,8994,4.79,110,9208,,
8260,940825,224604,36,6239,1,monthly issuance,930324,51313,59.2,8930,4.2,108,1452,22,False,51313,59.2,8930,4.2,108,1452,,
8260,940825,224604,36,6239,1,monthly issuance,930324,51313,59.2,8930,4.2,108,1452,22,False,51313,59.2,8930,4.2,108,1452,,
4259,940827,79632,24,3318,1,monthly issuance,940408,125832,48.3,8512,4.12,102,2103,39,True,125832,48.3,8512,4.12,102,2103,,
10105,940827,121896,24,5079,1,monthly issuance,930428,157042,33.9,8743,2.43,111,3894,33,False,157042,33.9,8743,2.43,111,3894,,
3050,940902,82896,12,6908,1,monthly issuance,930508,110643,51.9,8441,4.48,115,2252,26,False,75685,60.8,8208,2.26,155,2123,classic,940215.0
3050,940902,82896,12,6908,1,monthly issuance,930508,110643,51.9,8441,4.48,115,2252,26,False,75685,60.8,8208,2.26,155,2123,,
3674,940910,23628,12,1969,1,monthly issuance,930312,85852,59.8,8965,8.23,104,2822,44,False,85852,59.8,8965,8.23,104,2822,,
5481,940911,209184,48,4358,1,monthly issuance,930816,139012,61.9,8363,3.49,108,2799,45,False,1204953,100.0,12541,0.43,167,99107,,
9307,940919,41904,12,3492,1,monthly issuance,930124,228848,57.2,9893,4.72,96,5887,24,False,285387,89.9,10177,7.75,81,10108,,
4427,940926,87816,12,7318,1,monthly issuance,930607,105058,81.0,9272,3.22,118,4505,37,False,1204953,100.0,12541,0.43,167,99107,,
4427,940926,87816,12,7318,1,monthly issuance,930607,105058,81.0,9272,3.22,118,4505,37,False,1204953,100.0,12541,0.43,167,99107,,
3834,940928,23052,12,1921,1,monthly issuance,930119,387570,100.0,9897,1.96,140,18696,58,True,387570,100.0,9897,1.96,140,18696,,
3834,940928,23052,12,1921,1,monthly issuance,930119,387570,100.0,9897,1.96,140,18696,58,True,387570,100.0,9897,1.96,140,18696,,
7824,940928,189696,24,7904,-1,monthly issuance,940517,110643,51.9,8441,4.48,115,2252,28,True,110643,51.9,8441,4.48,115,2252,,
8566,940929,230220,36,6395,-1,monthly issuance,931008,323870,100.0,10673,5.44,100,18347,56,True,323870,100.0,10673,5.44,100,18347,,
7965,940930,71460,12,5955,1,monthly issuance,931108,157042,33.9,8743,2.43,111,3894,53,False,157042,33.9,8743,2.43,111,3894,,
7965,940930,71460,12,5955,1,monthly issuance,931108,157042,33.9,8743,2.43,111,3894,53,False,157042,33.9,8743,2.43,111,3894,,
5952,940930,141240,24,5885,1,monthly issuance,930907,102609,52.0,8187,5.45,94,2134,36,False,102609,52.0,8187,5.45,94,2134,,
6040,941002,11736,24,489,1,monthly issuance,930422,1204953,100.0,12541,0.43,167,99107,60,False,1204953,100.0,12541,0.43,167,99107,,
4448,941003,192744,36,5354,1,monthly issuance,930602,110643,51.9,8441,4.48,115,2252,27,True,110643,51.9,8441,4.48,115,2252,,
4448,941003,192744,36,5354,1,monthly issuance,930602,110643,51.9,8441,4.48,115,2252,27,True,110643,51.9,8441,4.48,115,2252,,
8982,941012,227880,36,6330,1,monthly issuance,930925,197099,74.7,9624,2.31,145,4265,43,True,197099,74.7,9624,2.31,145,4265,,
8982,941012,227880,36,6330,1,monthly issuance,930925,197099,74.7,9624,2.31,145,4265,43,True,197099,74.7,9624,2.31,145,4265,,
6363,941025,17508,12,1459,1,monthly issuance,930801,323870,100.0,10673,5.44,100,18347,52,False,107870,58.0,8754,4.31,137,3868,,
1012,941028,98184,24,4091,1,monthly issuance,940709,114200,43.7,8403,5.72,105,2718,53,True,114200,43.7,8403,5.72,105,2718,,
2167,941030,170256,24,7094,1,monthly issuance,930808,93931,56.9,8427,1.54,107,1913,33,True,93931,56.9,8427,1.54,107,1913,,
5622,941102,83016,12,6918,1,monthly issuance,930208,285387,89.9,10177,7.75,81,10108,19,False,161954,48.0,8720,4.5,116,3651,,
5991,941103,61056,48,1272,1,monthly issuance,931121,1204953,100.0,12541,0.43,167,99107,41,True,161954,48.0,8720,4.5,116,3651,,
290,941103,123696,48,2577,1,monthly issuance,931202,124605,46.0,8772,4.98,126,3158,58,False,124605,46.0,8772,4.98,126,3158,,
6148,941104,59760,24,2490,1,monthly issuance,931227,323870,100.0,10673,5.44,100,18347,40,False,323870,100.0,10673,5.44,100,18347,,
6148,941104,59760,24,2490,1,monthly issuance,931227,323870,100.0,10673,5.44,100,18347,40,False,323870,100.0,10673,5.44,100,18347,,
7133,941106,48672,36,1352,1,monthly issuance,930917,1204953,100.0,12541,0.43,167,99107,50,True,157042,33.9,8743,2.43,111,3894,,
7133,941106,48672,36,1352,1,monthly issuance,930917,1204953,100.0,12541,0.43,167,99107,50,True,157042,33.9,8743,2.43,111,3894,,
8041,941106,140400,36,3900,1,monthly issuance,931010,1204953,100.0,12541,0.43,167,99107,57,False,323870,100.0,10673,5.44,100,18347,,
1106,941112,192552,24,8023,-1,weekly issuance,930829,70646,58.4,8547,3.64,120,1542,35,True,70646,58.4,8547,3.64,120,1542,,
1527,941119,164052,36,4557,-1,issuance after transaction,931117,51313,59.2,8930,4.2,108,1452,23,True,51313,59.2,8930,4.2,108,1452,,
1978,941204,205200,36,5700,1,weekly issuance,930611,161954,48.0,8720,4.5,116,3651,35,True,1204953,100.0,12541,0.43,167,99107,,
4337,941208,51408,24,2142,1,monthly issuance,931116,45714,55.6,8843,3.6,113,888,49,False,45714,55.6,8843,3.6,113,888,,
2345,941211,199680,60,3328,1,monthly issuance,931025,95616,51.4,9307,4.43,118,3040,49,False,139012,61.9,8363,3.49,108,2799,,
10451,941219,482940,60,8049,-1,monthly issuance,930829,1204953,100.0,12541,0.43,167,99107,22,True,1204953,100.0,12541,0.43,167,99107,,
6425,941220,36684,12,3057,1,monthly issuance,930329,51313,59.2,8930,4.2,108,1452,20,True,285387,89.9,10177,7.75,81,10108,,
6226,941220,398640,60,6644,1,weekly issuance,930726,323870,100.0,10673,5.44,100,18347,38,True,323870,100.0,10673,5.44,100,18347,,
344,941221,100980,60,1683,1,monthly issuance,931201,387570,100.0,9897,1.96,140,18696,33,False,387570,100.0,9897,1.96,140,18696,,
2962,941221,31248,12,2604,1,monthly issuance,930530,1204953,100.0,12541,0.43,167,99107,59,True,1204953,100.0,12541,0.43,167,99107,,
10738,941221,115992,36,3222,1,weekly issuance,930417,77917,53.5,8390,2.89,132,2122,61,False,51313,59.2,8930,4.2,108,1452,,
3747,950102,76380,12,6365,1,monthly issuance,940501,1204953,100.0,12541,0.43,167,99107,41,True,1204953,100.0,12541,0.43,167,99107,,
7523,950103,288468,36,8013,1,monthly issuance,940829,86513,50.5,8288,4.52,110,1460,40,True,86513,50.5,8288,4.52,110,1460,,
3166,950103,177744,48,3703,-1,monthly issuance,930810,161227,69.7,8678,5.57,102,4595,26,False,108871,62.1,8444,3.47,106,2305,,
6118,950108,270648,36,7518,-1,weekly issuance,940307,1204953,100.0,12541,0.43,167,99107,61,False,1204953,100.0,12541,0.43,167,99107,,
816,950108,48624,24,2026,1,monthly issuance,930805,139012,61.9,8363,3.49,108,2799,37,False,128118,85.3,9317,7.07,97,6872,,
9640,950111,76416,24,3184,1,monthly issuance,930313,1204953,100.0,12541,0.43,167,99107,61,False,1204953,100.0,12541,0.43,167,99107,,
9640,950111,76416,24,3184,1,monthly issuance,930313,1204953,100.0,12541,0.43,167,99107,61,False,1204953,100.0,12541,0.43,167,99107,,
6715,950114,137880,60,2298,-1,weekly issuance,930915,78955,59.0,9060,2.44,124,1717,35,False,226122,62.6,8994,4.79,110,9208,,
2245,950116,347952,48,7249,1,monthly issuance,930330,45714,55.6,8843,3.6,113,888,34,True,45714,55.6,8843,3.6,113,888,,
7857,950118,68112,12,5676,1,monthly issuance,930804,138032,64.6,8819,5.66,99,4505,21,True,88768,80.5,8867,1.21,130,3620,,
2419,950130,95808,12,7984,1,monthly issuance,931127,122603,80.0,8991,2.01,128,5273,58,False,161854,76.3,9425,2.5,125,3891,,
7819,950202,20832,48,434,1,monthly issuance,930801,85852,59.8,8965,8.23,104,2822,50,False,85852,59.8,8965,8.23,104,2822,,
3678,950205,316140,60,5269,-1,monthly issuance,930324,1204953,100.0,12541,0.43,167,99107,30,False,1204953,100.0,12541,0.43,167,99107,,
6472,950206,43164,12,3597,1,monthly issuance,940208,117897,53.8,8814,5.74,107,2059,22,True,117897,53.8,8814,5.74,107,2059,,
4413,950208,221280,48,4610,1,weekly issuance,940115,323870,100.0,10673,5.44,100,18347,30,False,323870,100.0,10673,5.44,100,18347,,
4413,950208,221280,48,4610,1,weekly issuance,940115,323870,100.0,10673,5.44,100,18347,30,False,323870,100.0,10673,5.44,100,18347,,
9750,950211,151728,48,3161,-1,monthly issuance,940516,323870,100.0,10673,5.44,100,18347,22,False,323870,100.0,10673,5.44,100,18347,,
6353,950212,79920,60,1332,1,monthly issuance,931126,170449,100.0,10787,3.09,131,6261,45,False,170449,100.0,10787,3.09,131,6261,,
817,950217,538500,60,8975,1,monthly issuance,940318,95616,51.4,9307,4.43,118,3040,38,False,95616,51.4,9307,4.43,118,3040,,
4414,950223,97224,24,4051,1,monthly issuance,930910,122603,80.0,8991,2.01,128,5273,47,True,74062,61.4,8114,2.62,119,1181,,
4414,950223,97224,24,4051,1,monthly issuance,930910,122603,80.0,8991,2.01,128,5273,47,True,74062,61.4,8114,2.62,119,1181,,
6030,950304,28248,24,1177,1,monthly issuance,930824,162580,72.8,9538,1.81,111,5410,28,True,162580,72.8,9538,1.81,111,5410,,
11021,950304,168984,24,7041,-1,monthly issuance,930810,1204953,100.0,12541,0.43,167,99107,22,False,1204953,100.0,12541,0.43,167,99107,,
8564,950311,76680,24,3195,1,monthly issuance,930912,228848,57.2,9893,4.72,96,5887,49,False,228848,57.2,9893,4.72,96,5887,,
8564,950311,76680,24,3195,1,monthly issuance,930912,228848,57.2,9893,4.72,96,5887,49,False,228848,57.2,9893,4.72,96,5887,,
9869,950315,331560,60,5526,1,monthly issuance,930821,107870,58.0,8754,4.31,137,3868,18,False,88884,46.7,8507,1.85,132,2674,,
9869,950315,331560,60,5526,1,monthly issuance,930821,107870,58.0,8754,4.31,137,3868,18,False,88884,46.7,8507,1.85,132,2674,,
5700,950316,103680,60,1728,-1,monthly issuance,930720,95907,59.1,8388,2.94,87,1668,27,False,95907,59.1,8388,2.94,87,1668,,
1247,950316,99696,48,2077,-1,monthly issuance,930608,88757,61.7,8554,2.68,113,2218,27,True,114200,43.7,8403,5.72,105,2718,,
8316,950319,134784,24,5616,1,monthly issuance,940604,285387,89.9,10177,7.75,81,10108,58,True,285387,89.9,10177,7.75,81,10108,,
3064,950321,15420,12,1285,1,monthly issuance,930523,128118,85.3,9317,7.07,97,6872,33,True,1204953,100.0,12541,0.43,167,99107,,
7607,950327,31728,24,1322,1,monthly issuance,930905,1204953,100.0,12541,0.43,167,99107,48,False,1204953,100.0,12541,0.43,167,99107,,
7607,950327,31728,24,1322,1,monthly issuance,930905,1204953,100.0,12541,0.43,167,99107,48,False,1204953,100.0,12541,0.43,167,99107,,
2228,950329,185952,48,3874,1,monthly issuance,940319,125236,87.7,9675,7.68,100,5190,53,False,125236,87.7,9675,7.68,100,5190,,
2361,950401,156672,36,4352,1,monthly issuance,940225,72541,36.9,8594,2.01,112,1525,42,True,72541,36.9,8594,2.01,112,1525,,
3752,950402,18564,12,1547,1,monthly issuance,941125,1204953,100.0,12541,0.43,167,99107,35,True,1204953,100.0,12541,0.43,167,99107,,
4079,950405,158976,48,3312,1,monthly issuance,931103,139012,61.9,8363,3.49,108,2799,59,False,139012,61.9,8363,3.49,108,2799,,
8625,950410,47304,24,1971,1,monthly issuance,931110,197099,74.7,9624,2.31,145,4265,27,False,197099,74.7,9624,2.31,145,4265,,
9591,950411,104712,24,4363,1,monthly issuance,930520,323870,100.0,10673,5.44,100,18347,54,False,323870,100.0,10673,5.44,100,18347,,
9828,950413,126600,24,5275,1,monthly issuance,930520,75637,36.5,9622,0.59,154,3529,59,False,162580,72.8,9538,1.81,111,5410,,
1993,950415,68400,12,5700,-1,monthly issuance,941030,228848,57.2,9893,4.72,96,5887,22,True,228848,57.2,9893,4.72,96,5887,,
5628,950425,225420,60,3757,1,monthly issuance,940617,117897,53.8,8814,5.74,107,2059,50,True,117897,53.8,8814,5.74,107,2059,,
1762,950428,248148,36,6893,1,monthly issuance,931211,72541,36.9,8594,2.01,112,1525,58,True,72541,36.9,8594,2.01,112,1525,,
347,950501,187224,24,7801,-1,monthly issuance,931213,114200,43.7,8403,5.72,105,2718,51,False,1204953,100.0,12541,0.43,167,99107,,
9472,950508,36396,12,3033,1,weekly issuance,930706,1204953,100.0,12541,0.43,167,99107,26,False,127369,51.2,8369,5.88,107,2807,,
960,950524,189060,60,3151,1,issuance after transaction,941102,149893,67.4,9753,5.05,109,5892,40,True,149893,67.4,9753,5.05,109,5892,,
1256,950529,71064,36,1974,1,monthly issuance,940421,85852,59.8,8965,8.23,104,2822,52,True,85852,59.8,8965,8.23,104,2822,,
854,950530,87216,48,1817,1,monthly issuance,930921,145688,40.7,8544,1.86,109,2906,44,True,1204953,100.0,12541,0.43,167,99107,,
3629,950530,158760,60,2646,1,monthly issuance,930727,78955,59.0,9060,2.44,124,1717,20,False,78955,59.0,9060,2.44,124,1717,,
8377,950601,417060,60,6951,1,monthly issuance,931120,45714,55.6,8843,3.6,113,888,37,True,45714,55.6,8843,3.6,113,888,,
8377,950601,417060,60,6951,1,monthly issuance,931120,45714,55.6,8843,3.6,113,888,37,True,45714,55.6,8843,3.6,113,888,,
7190,950606,63360,60,1056,1,monthly issuance,930906,75685,60.8,8208,2.26,155,2123,43,False,75685,60.8,8208,2.26,155,2123,,
7190,950606,63360,60,1056,1,monthly issuance,930906,75685,60.8,8208,2.26,155,2123,43,False,75685,60.8,8208,2.26,155,2123,,
8159,950613,29784,24,1241,1,monthly issuance,950208,170449,100.0,10787,3.09,131,6261,29,True,170449,100.0,10787,3.09,131,6261,,
8159,950613,29784,24,1241,1,monthly issuance,950208,170449,100.0,10787,3.09,131,6261,29,True,170449,100.0,10787,3.09,131,6261,,
9656,950613,139536,24,5814,1,monthly issuance,931114,117897,53.8,8814,5.74,107,2059,57,True,117897,53.8,8814,5.74,107,2059,,
8489,950623,265320,36,7370,1,monthly issuance,930918,51428,52.7,8402,3.98,120,1099,50,True,121947,70.5,8541,2.97,131,3839,,
8489,950623,265320,36,7370,1,monthly issuance,930918,51428,52.7,8402,3.98,120,1099,50,True,121947,70.5,8541,2.97,131,3839,,
10630,950624,198240,24,8260,1,monthly issuance,950115,118650,85.6,9832,4.48,114,5471,42,False,118650,85.6,9832,4.48,114,5471,,
10440,950703,60000,60,1000,1,monthly issuance,930913,226122,62.6,8994,4.79,110,9208,52,False,77917,53.5,8390,2.89,132,2122,,
4774,950709,465072,48,9689,1,monthly issuance,940114,125832,48.3,8512,4.12,102,2103,50,False,125832,48.3,8512,4.12,102,2103,,
4774,950709,465072,48,9689,1,monthly issuance,940114,125832,48.3,8512,4.12,102,2103,50,False,125832,48.3,8512,4.12,102,2103,,
5650,950710,98592,24,4108,1,issuance after transaction,950108,92084,46.7,10124,0.54,141,4316,35,True,92084,46.7,10124,0.54,141,4316,,
5632,950725,285600,60,4760,1,weekly issuance,941115,95616,51.4,9307,4.43,118,3040,18,True,95616,51.4,9307,4.43,118,3040,,
5632,950725,285600,60,4760,1,weekly issuance,941115,95616,51.4,9307,4.43,118,3040,18,True,95616,51.4,9307,4.43,118,3040,,
3489,950801,44088,24,1837,1,monthly issuance,941208,81344,55.3,8899,3.97,149,2487,47,True,81344,55.3,8899,3.97,149,2487,,
4580,950805,20220,12,1685,1,monthly issuance,940827,81344,55.3,8899,3.97,149,2487,25,True,81344,55.3,8899,3.97,149,2487,,
4727,950811,107640,24,4485,1,monthly issuance,950213,88884,46.7,8507,1.85,132,2674,39,True,88884,46.7,8507,1.85,132,2674,,
4825,950818,21396,12,1783,1,monthly issuance,940604,58796,51.9,9045,3.6,124,1879,30,False,58796,51.9,9045,3.6,124,1879,,
4825,950818,21396,12,1783,1,monthly issuance,940604,58796,51.9,9045,3.6,124,1879,30,False,58796,51.9,9045,3.6,124,1879,,
8776,950826,33984,48,708,1,monthly issuance,940824,197099,74.7,9624,2.31,145,4265,26,False,197099,74.7,9624,2.31,145,4265,,
1375,950829,45336,24,1889,1,monthly issuance,940427,51428,52.7,8402,3.98,120,1099,41,False,51428,52.7,8402,3.98,120,1099,,
8492,950903,85860,60,1431,1,monthly issuance,940629,88884,46.7,8507,1.85,132,2674,43,True,88884,46.7,8507,1.85,132,2674,,
9493,950909,188688,48,3931,1,monthly issuance,950402,197099,74.7,9624,2.31,145,4265,33,True,197099,74.7,9624,2.31,145,4265,,
915,950916,309552,48,6449,1,monthly issuance,950118,226122,62.6,8994,4.79,110,9208,63,False,226122,62.6,8994,4.79,110,9208,,
9897,950922,36168,12,3014,1,monthly issuance,950304,1204953,100.0,12541,0.43,167,99107,37,False,1204953,100.0,12541,0.43,167,99107,,
10942,951002,314520,60,5242,1,weekly issuance,940605,105606,53.0,8254,3.76,97,2325,43,True,105606,53.0,8254,3.76,97,2325,,
7861,951008,21852,36,607,1,monthly issuance,950422,125236,87.7,9675,7.68,100,5190,44,False,125236,87.7,9675,7.68,100,5190,,
8405,951014,266220,60,4437,1,monthly issuance,940510,70646,58.4,8547,3.64,120,1542,33,True,70646,58.4,8547,3.64,120,1542,,
10093,951020,231696,36,6436,1,weekly issuance,940701,1204953,100.0,12541,0.43,167,99107,25,False,1204953,100.0,12541,0.43,167,99107,,
10093,951020,231696,36,6436,1,weekly issuance,940701,1204953,100.0,12541,0.43,167,99107,25,False,1204953,100.0,12541,0.43,167,99107,,
10663,951028,260028,36,7223,1,monthly issuance,931208,75637,36.5,9622,0.59,154,3529,22,False,75637,36.5,9622,0.59,154,3529,,
11349,951029,419880,60,6998,1,weekly issuance,950526,1204953,100.0,12541,0.43,167,99107,53,True,1204953,100.0,12541,0.43,167,99107,,
11349,951029,419880,60,6998,1,weekly issuance,950526,1204953,100.0,12541,0.43,167,99107,53,True,1204953,100.0,12541,0.43,167,99107,,
6738,951031,37908,12,3159,1,monthly issuance,940728,145688,40.7,8544,1.86,109,2906,22,True,145688,40.7,8544,1.86,109,2906,,
4423,951031,73836,36,2051,1,monthly issuance,950426,119895,89.9,10446,9.4,90,4743,31,True,119895,89.9,10446,9.4,90,4743,,
7546,951102,41952,12,3496,1,monthly issuance,940903,161854,76.3,9425,2.5,125,3891,26,False,161854,76.3,9425,2.5,125,3891,,
2343,951104,99336,24,4139,1,monthly issuance,941209,228848,57.2,9893,4.72,96,5887,18,True,228848,57.2,9893,4.72,96,5887,,
6609,951112,60156,36,1671,-1,monthly issuance,950327,93931,56.9,8427,1.54,107,1913,22,False,93931,56.9,8427,1.54,107,1913,,
2218,951118,182040,60,3034,1,monthly issuance,941121,51428,52.7,8402,3.98,120,1099,47,True,51428,52.7,8402,3.98,120,1099,,
2218,951118,182040,60,3034,1,monthly issuance,941121,51428,52.7,8402,3.98,120,1099,47,True,51428,52.7,8402,3.98,120,1099,,
9627,951122,244368,48,5091,1,issuance after transaction,940722,114200,43.7,8403,5.72,105,2718,28,False,114200,43.7,8403,5.72,105,2718,,
9731,951122,113796,36,3161,1,issuance after transaction,941201,387570,100.0,9897,1.96,140,18696,27,False,387570,100.0,9897,1.96,140,18696,,
9731,951122,113796,36,3161,1,issuance after transaction,941201,387570,100.0,9897,1.96,140,18696,27,False,387570,100.0,9897,1.96,140,18696,,
789,951123,73056,48,1522,1,monthly issuance,950206,119895,89.9,10446,9.4,90,4743,28,False,119895,89.9,10446,9.4,90,4743,,
789,951123,73056,48,1522,1,monthly issuance,950206,119895,89.9,10446,9.4,90,4743,28,False,119895,89.9,10446,9.4,90,4743,,
4081,951128,137904,24,5746,-1,monthly issuance,950722,75637,36.5,9622,0.59,154,3529,30,False,75637,36.5,9622,0.59,154,3529,,
5774,951128,31176,24,1299,1,monthly issuance,950608,1204953,100.0,12541,0.43,167,99107,30,False,1204953,100.0,12541,0.43,167,99107,,
11042,951204,217152,36,6032,1,monthly issuance,950129,226122,62.6,8994,4.79,110,9208,24,False,226122,62.6,8994,4.79,110,9208,classic,951122.0
6924,951205,194880,48,4060,1,monthly issuance,940601,323870,100.0,10673,5.44,100,18347,19,False,323870,100.0,10673,5.44,100,18347,,
7765,951211,27984,12,2332,1,weekly issuance,940710,139012,61.9,8363,3.49,108,2799,49,False,139012,61.9,8363,3.49,108,2799,,
2227,951212,92976,24,3874,1,weekly issuance,940522,51313,59.2,8930,4.2,108,1452,28,True,51313,59.2,8930,4.2,108,1452,,
2227,951212,92976,24,3874,1,weekly issuance,940522,51313,59.2,8930,4.2,108,1452,28,True,51313,59.2,8930,4.2,108,1452,,
9583,951212,104712,24,4363,1,weekly issuance,940522,51313,59.2,8930,4.2,108,1452,28,True,51313,59.2,8930,4.2,108,1452,,
9583,951212,104712,24,4363,1,weekly issuance,940522,51313,59.2,8930,4.2,108,1452,28,True,51313,59.2,8930,4.2,108,1452,,
7606,951212,191880,60,3198,1,monthly issuance,950315,103347,67.0,9104,2.07,123,2354,49,False,103347,67.0,9104,2.07,123,2354,,
5742,951216,232560,48,4845,1,issuance after transaction,950705,323870,100.0,10673,5.44,100,18347,28,True,323870,100.0,10673,5.44,100,18347,,
1011,951218,204000,60,3400,1,monthly issuance,941217,77917,53.5,8390,2.89,132,2122,54,False,77917,53.5,8390,2.89,132,2122,,
8899,951225,125340,60,2089,1,weekly issuance,940905,1204953,100.0,12541,0.43,167,99107,54,False,1204953,100.0,12541,0.43,167,99107,,
7562,951231,309600,48,6450,1,weekly issuance,950117,226122,62.6,8994,4.79,110,9208,23,False,226122,62.6,8994,4.79,110,9208,,
7815,960101,189696,24,7904,1,weekly issuance,950409,51428,52.7,8402,3.98,120,1099,53,False,51428,52.7,8402,3.98,120,1099,,
7815,960101,189696,24,7904,1,weekly issuance,950409,51428,52.7,8402,3.98,120,1099,53,False,51428,52.7,8402,3.98,120,1099,,
4503,960101,135360,48,2820,1,monthly issuance,950103,102609,52.0,8187,5.45,94,2134,23,False,102609,52.0,8187,5.45,94,2134,junior,951024.0
4907,960103,98832,48,2059,1,monthly issuance,940206,95907,59.1,8388,2.94,87,1668,28,True,95907,59.1,8388,2.94,87,1668,,
5126,960111,20352,48,424,1,monthly issuance,950403,109164,63.6,8757,3.95,96,2471,50,True,109164,63.6,8757,3.95,96,2471,,
5126,960111,20352,48,424,1,monthly issuance,950403,109164,63.6,8757,3.95,96,2471,50,True,109164,63.6,8757,3.95,96,2471,,
2496,960112,165120,60,2752,1,monthly issuance,940521,121947,70.5,8541,2.97,131,3839,48,True,121947,70.5,8541,2.97,131,3839,,
2496,960112,165120,60,2752,1,monthly issuance,940521,121947,70.5,8541,2.97,131,3839,48,True,121947,70.5,8541,2.97,131,3839,,
11138,960119,89880,24,3745,1,weekly issuance,950818,285387,89.9,10177,7.75,81,10108,35,False,285387,89.9,10177,7.75,81,10108,,
4995,960203,128988,36,3583,-1,weekly issuance,940801,70646,58.4,8547,3.64,120,1542,59,False,70646,58.4,8547,3.64,120,1542,,
3804,960208,63252,12,5271,1,monthly issuance,940407,94725,63.4,9920,2.87,130,4846,49,True,94725,63.4,9920,2.87,130,4846,,
5066,960210,61656,24,2569,-1,weekly issuance,950827,53921,41.3,8598,3.26,123,1875,45,True,53921,41.3,8598,3.26,123,1875,,
6400,960212,72408,24,3017,-1,issuance after transaction,951009,51313,59.2,8930,4.2,108,1452,40,True,51313,59.2,8930,4.2,108,1452,,
10884,960213,113544,36,3154,1,monthly issuance,950220,114200,43.7,8403,5.72,105,2718,56,False,114200,43.7,8403,5.72,105,2718,,
8092,960220,56100,60,935,1,monthly issuance,950111,387570,100.0,9897,1.96,140,18696,40,False,387570,100.0,9897,1.96,140,18696,,
5735,960221,290700,60,4845,-1,monthly issuance,950125,139012,61.9,8363,3.49,108,2799,39,True,139012,61.9,8363,3.49,108,2799,,
3112,960224,123216,48,2567,1,monthly issuance,940812,85852,59.8,8965,8.23,104,2822,21,True,85852,59.8,8965,8.23,104,2822,,
3112,960224,123216,48,2567,1,monthly issuance,940812,85852,59.8,8965,8.23,104,2822,21,True,85852,59.8,8965,8.23,104,2822,,
2912,960229,380160,60,6336,1,monthly issuance,940730,323870,100.0,10673,5.44,100,18347,49,False,323870,100.0,10673,5.44,100,18347,,
4852,960304,213300,36,5925,1,monthly issuance,950413,162580,72.8,9538,1.81,111,5410,34,False,162580,72.8,9538,1.81,111,5410,,
8327,960310,247728,48,5161,1,weekly issuance,950808,1204953,100.0,12541,0.43,167,99107,19,False,1204953,100.0,12541,0.43,167,99107,,
1772,960313,202788,36,5633,1,weekly issuance,950220,51313,59.2,8930,4.2,108,1452,45,True,51313,59.2,8930,4.2,108,1452,,
10728,960321,154656,48,3222,1,monthly issuance,941223,161227,69.7,8678,5.57,102,4595,42,False,161227,69.7,8678,5.57,102,4595,,
9017,960326,100224,48,2088,-1,monthly issuance,951122,285387,89.9,10177,7.75,81,10108,41,True,285387,89.9,10177,7.75,81,10108,,
5574,960410,44628,12,3719,1,weekly issuance,940714,53921,41.3,8598,3.26,123,1875,55,False,53921,41.3,8598,3.26,123,1875,,
808,960411,215616,48,4492,-1,monthly issuance,950613,42821,48.4,8173,7.01,124,1358,41,False,42821,48.4,8173,7.01,124,1358,,
2456,960415,200976,48,4187,1,monthly issuance,950909,114200,43.7,8403,5.72,105,2718,43,False,114200,43.7,8403,5.72,105,2718,,
3037,960418,277884,36,7719,-1,monthly issuance,940526,105606,53.0,8254,3.76,97,2325,18,True,105606,53.0,8254,3.76,97,2325,,
1967,960421,249312,48,5194,1,weekly issuance,950213,170449,100.0,10787,3.09,131,6261,43,False,170449,100.0,10787,3.09,131,6261,,
5213,960425,320976,48,6687,-1,monthly issuance,950818,1204953,100.0,12541,0.43,167,99107,62,False,1204953,100.0,12541,0.43,167,99107,,
7418,960429,30276,12,2523,-1,monthly issuance,950407,103347,67.0,9104,2.07,123,2354,59,True,103347,67.0,9104,2.07,123,2354,,
2352,960429,49440,60,824,1,monthly issuance,950121,285387,89.9,10177,7.75,81,10108,32,True,285387,89.9,10177,7.75,81,10108,,
19,960429,30276,12,2523,-1,monthly issuance,950407,103347,67.0,9104,2.07,123,2354,59,True,103347,67.0,9104,2.07,123,2354,,
67,960502,165960,24,6915,1,monthly issuance,941019,93931,56.9,8427,1.54,107,1913,54,True,93931,56.9,8427,1.54,107,1913,,
5794,960506,123600,60,2060,1,monthly issuance,950714,285387,89.9,10177,7.75,81,10108,31,False,285387,89.9,10177,7.75,81,10108,,
5794,960506,123600,60,2060,1,monthly issuance,950714,285387,89.9,10177,7.75,81,10108,31,False,285387,89.9,10177,7.75,81,10108,,
8411,960506,220620,60,3677,1,monthly issuance,941202,70646,58.4,8547,3.64,120,1542,55,True,70646,58.4,8547,3.64,120,1542,,
4462,960514,66480,24,2770,-1,weekly issuance,951227,182027,56.4,8746,3.74,90,4433,63,False,182027,56.4,8746,3.74,90,4433,,
7614,960518,320592,48,6679,1,monthly issuance,950208,145688,40.7,8544,1.86,109,2906,28,True,145688,40.7,8544,1.86,109,2906,classic,960221.0
7614,960518,320592,48,6679,1,monthly issuance,950208,145688,40.7,8544,1.86,109,2906,28,True,145688,40.7,8544,1.86,109,2906,,
3608,960524,161496,36,4486,1,weekly issuance,940830,226122,62.6,8994,4.79,110,9208,27,False,226122,62.6,8994,4.79,110,9208,,
940,960529,284280,60,4738,1,monthly issuance,941115,114006,62.3,9065,5.39,123,4166,40,True,114006,62.3,9065,5.39,123,4166,,
940,960529,284280,60,4738,1,monthly issuance,941115,114006,62.3,9065,5.39,123,4166,40,True,114006,62.3,9065,5.39,123,4166,,
8547,960530,173016,36,4806,1,weekly issuance,950717,177686,74.8,10045,1.71,135,6295,53,True,177686,74.8,10045,1.71,135,6295,,
5422,960603,368880,60,6148,1,monthly issuance,941022,125832,48.3,8512,4.12,102,2103,24,False,125832,48.3,8512,4.12,102,2103,,
5422,960603,368880,60,6148,1,monthly issuance,941022,125832,48.3,8512,4.12,102,2103,24,False,125832,48.3,8512,4.12,102,2103,,
9645,960606,176148,36,4893,1,monthly issuance,960123,85852,59.8,8965,8.23,104,2822,35,True,85852,59.8,8965,8.23,104,2822,,
9006,960608,186384,48,3883,1,weekly issuance,940902,128118,85.3,9317,7.07,97,6872,39,False,128118,85.3,9317,7.07,97,6872,,
2572,960613,360000,48,7500,1,issuance after transaction,941113,197099,74.7,9624,2.31,145,4265,25,True,197099,74.7,9624,2.31,145,4265,,
1766,960615,30060,60,501,1,monthly issuance,940903,72541,36.9,8594,2.01,112,1525,47,False,72541,36.9,8594,2.01,112,1525,classic,960101.0
2322,960629,46320,24,1930,1,monthly issuance,950102,133777,84.7,8705,7.61,116,4859,19,False,133777,84.7,8705,7.61,116,4859,,
1698,960706,141948,36,3943,1,monthly issuance,960314,228848,57.2,9893,4.72,96,5887,48,True,228848,57.2,9893,4.72,96,5887,,
10001,960711,19044,36,529,1,monthly issuance,950528,122603,80.0,8991,2.01,128,5273,24,True,122603,80.0,8991,2.01,128,5273,,
8680,960714,85716,36,2381,1,monthly issuance,960212,74062,61.4,8114,2.62,119,1181,60,False,74062,61.4,8114,2.62,119,1181,,
8680,960714,85716,36,2381,1,monthly issuance,960212,74062,61.4,8114,2.62,119,1181,60,False,74062,61.4,8114,2.62,119,1181,,
8127,960715,155880,24,6495,1,monthly issuance,941013,114006,62.3,9065,5.39,123,4166,30,True,114006,62.3,9065,5.39,123,4166,,
8127,960715,155880,24,6495,1,monthly issuance,941013,114006,62.3,9065,5.39,123,4166,30,True,114006,62.3,9065,5.39,123,4166,,
5541,960718,32640,48,680,1,monthly issuance,950324,161854,76.3,9425,2.5,125,3891,56,False,161854,76.3,9425,2.5,125,3891,,
2268,960718,20196,36,561,1,monthly issuance,950211,1204953,100.0,12541,0.43,167,99107,27,False,1204953,100.0,12541,0.43,167,99107,,
3679,960723,444864,48,9268,1,monthly issuance,950815,197099,74.7,9624,2.31,145,4265,34,False,197099,74.7,9624,2.31,145,4265,,
3679,960723,444864,48,9268,1,monthly issuance,950815,197099,74.7,9624,2.31,145,4265,34,False,197099,74.7,9624,2.31,145,4265,,
5033,960725,11400,12,950,1,monthly issuance,950803,387570,100.0,9897,1.96,140,18696,18,True,387570,100.0,9897,1.96,140,18696,,
6985,960725,96768,36,2688,1,monthly issuance,950727,85852,59.8,8965,8.23,104,2822,30,True,85852,59.8,8965,8.23,104,2822,,
6985,960725,96768,36,2688,1,monthly issuance,950727,85852,59.8,8965,8.23,104,2822,30,True,85852,59.8,8965,8.23,104,2822,,
9790,960727,133968,48,2791,1,monthly issuance,951109,139012,61.9,8363,3.49,108,2799,55,False,139012,61.9,8363,3.49,108,2799,classic,960531.0
9790,960727,133968,48,2791,1,monthly issuance,951109,139012,61.9,8363,3.49,108,2799,55,False,139012,61.9,8363,3.49,108,2799,,
846,960728,187104,24,7796,1,monthly issuance,960309,226122,62.6,8994,4.79,110,9208,21,True,226122,62.6,8994,4.79,110,9208,,
1886,960731,162468,36,4513,1,monthly issuance,960305,105058,81.0,9272,3.22,118,4505,41,True,105058,81.0,9272,3.22,118,4505,,
1886,960731,162468,36,4513,1,monthly issuance,960305,105058,81.0,9272,3.22,118,4505,41,True,105058,81.0,9272,3.22,118,4505,,
2580,960802,89340,60,1489,1,monthly issuance,951109,110643,51.9,8441,4.48,115,2252,27,True,110643,51.9,8441,4.48,115,2252,,
2580,960802,89340,60,1489,1,monthly issuance,951109,110643,51.9,8441,4.48,115,2252,27,True,110643,51.9,8441,4.48,115,2252,,
9928,960802,89340,60,1489,1,monthly issuance,951109,110643,51.9,8441,4.48,115,2252,27,True,110643,51.9,8441,4.48,115,2252,,
9928,960802,89340,60,1489,1,monthly issuance,951109,110643,51.9,8441,4.48,115,2252,27,True,110643,51.9,8441,4.48,115,2252,,
4994,960803,258444,36,7179,1,weekly issuance,960111,1204953,100.0,12541,0.43,167,99107,32,False,1204953,100.0,12541,0.43,167,99107,,
7184,960804,155640,24,6485,1,monthly issuance,950619,95616,51.4,9307,4.43,118,3040,55,True,95616,51.4,9307,4.43,118,3040,,
6358,960806,270384,48,5633,1,monthly issuance,950527,75232,41.7,8980,2.21,111,2813,36,False,75232,41.7,8980,2.21,111,2813,,
11359,960806,54024,12,4502,1,monthly issuance,941001,117897,53.8,8814,5.74,107,2059,30,False,117897,53.8,8814,5.74,107,2059,classic,950613.0
5593,960809,44376,12,3698,1,monthly issuance,960227,58796,51.9,9045,3.6,124,1879,36,False,58796,51.9,9045,3.6,124,1879,,
6289,960811,85632,48,1784,1,monthly issuance,950405,197099,74.7,9624,2.31,145,4265,49,True,197099,74.7,9624,2.31,145,4265,,
11054,960820,148920,60,2482,1,weekly issuance,960201,108871,62.1,8444,3.47,106,2305,21,False,108871,62.1,8444,3.47,106,2305,,
544,960822,91152,24,3798,1,monthly issuance,950515,105058,81.0,9272,3.22,118,4505,56,False,105058,81.0,9272,3.22,118,4505,classic,960808.0
4851,960822,141648,24,5902,1,monthly issuance,960204,139012,61.9,8363,3.49,108,2799,46,False,139012,61.9,8363,3.49,108,2799,,
4851,960822,141648,24,5902,1,monthly issuance,960204,139012,61.9,8363,3.49,108,2799,46,False,139012,61.9,8363,3.49,108,2799,,
1583,960824,388512,48,8094,-1,issuance after transaction,941117,42821,48.4,8173,7.01,124,1358,29,True,42821,48.4,8173,7.01,124,1358,,
4650,960825,402000,60,6700,1,monthly issuance,951015,149893,67.4,9753,5.05,109,5892,18,False,149893,67.4,9753,5.05,109,5892,,
3084,960828,253512,36,7042,-1,weekly issuance,960128,108871,62.1,8444,3.47,106,2305,53,True,108871,62.1,8444,3.47,106,2305,,
2143,960909,71460,36,1985,1,monthly issuance,960113,1204953,100.0,12541,0.43,167,99107,18,True,1204953,100.0,12541,0.43,167,99107,,
2143,960909,71460,36,1985,1,monthly issuance,960113,1204953,100.0,12541,0.43,167,99107,18,True,1204953,100.0,12541,0.43,167,99107,,
9199,960911,29448,12,2454,-1,monthly issuance,960515,226122,62.6,8994,4.79,110,9208,51,False,226122,62.6,8994,4.79,110,9208,,
2994,960914,48744,36,1354,1,monthly issuance,960503,148545,53.5,8909,5.56,113,3590,34,True,148545,53.5,8909,5.56,113,3590,,
6397,960916,181020,60,3017,1,monthly issuance,950315,78955,59.0,9060,2.44,124,1717,32,True,78955,59.0,9060,2.44,124,1717,,
6397,960916,181020,60,3017,1,monthly issuance,950315,78955,59.0,9060,2.44,124,1717,32,True,78955,59.0,9060,2.44,124,1717,,
10762,960917,68832,36,1912,1,monthly issuance,951023,1204953,100.0,12541,0.43,167,99107,39,False,1204953,100.0,12541,0.43,167,99107,,
7136,960919,74124,36,2059,1,weekly issuance,950409,107870,58.0,8754,4.31,137,3868,59,True,107870,58.0,8754,4.31,137,3868,,
8533,960919,174048,48,3626,1,monthly issuance,951010,162580,72.8,9538,1.81,111,5410,46,True,162580,72.8,9538,1.81,111,5410,,
7926,960922,84120,24,3505,1,weekly issuance,960609,42821,48.4,8173,7.01,124,1358,48,True,42821,48.4,8173,7.01,124,1358,,
10019,960925,194940,36,5415,1,monthly issuance,950615,112065,69.4,11277,1.44,127,4987,34,False,112065,69.4,11277,1.44,127,4987,,
4476,960925,15192,24,633,1,monthly issuance,941110,122603,80.0,8991,2.01,128,5273,26,True,122603,80.0,8991,2.01,128,5273,,
9814,960926,96168,12,8014,1,weekly issuance,950119,197099,74.7,9624,2.31,145,4265,26,True,197099,74.7,9624,2.31,145,4265,,
2236,960926,139464,36,3874,-1,monthly issuance,950827,182027,56.4,8746,3.74,90,4433,40,False,182027,56.4,8746,3.74,90,4433,,
10436,960928,54396,36,1511,1,monthly issuance,960321,110643,51.9,8441,4.48,115,2252,59,False,110643,51.9,8441,4.48,115,2252,,
11186,961002,392460,60,6541,1,monthly issuance,941124,107870,58.0,8754,4.31,137,3868,18,True,107870,58.0,8754,4.31,137,3868,,
11186,961002,392460,60,6541,1,monthly issuance,941124,107870,58.0,8754,4.31,137,3868,18,True,107870,58.0,8754,4.31,137,3868,,
2106,961003,101520,12,8460,1,monthly issuance,960201,1204953,100.0,12541,0.43,167,99107,22,True,1204953,100.0,12541,0.43,167,99107,,
3230,961004,77184,36,2144,1,monthly issuance,950311,1204953,100.0,12541,0.43,167,99107,44,True,1204953,100.0,12541,0.43,167,99107,,
9024,961004,70656,48,1472,1,monthly issuance,960105,1204953,100.0,12541,0.43,167,99107,46,False,1204953,100.0,12541,0.43,167,99107,,
4585,961010,64656,48,1347,1,monthly issuance,960608,67298,43.8,8561,1.29,110,1127,51,False,67298,43.8,8561,1.29,110,1127,,
4585,961010,64656,48,1347,1,monthly issuance,960608,67298,43.8,8561,1.29,110,1127,51,False,67298,43.8,8561,1.29,110,1127,,
1862,961016,396120,60,6602,1,weekly issuance,950415,51428,52.7,8402,3.98,120,1099,48,True,51428,52.7,8402,3.98,120,1099,,
8039,961020,93600,24,3900,1,monthly issuance,951217,81344,55.3,8899,3.97,149,2487,26,False,81344,55.3,8899,3.97,149,2487,,
6688,961023,22968,36,638,1,monthly issuance,960625,93931,56.9,8427,1.54,107,1913,48,True,93931,56.9,8427,1.54,107,1913,,
501,961024,262980,60,4383,1,monthly issuance,951021,53921,41.3,8598,3.26,123,1875,32,True,53921,41.3,8598,3.26,123,1875,,
7795,961029,372120,60,6202,1,monthly issuance,950105,197099,74.7,9624,2.31,145,4265,53,False,197099,74.7,9624,2.31,145,4265,,
7795,961029,372120,60,6202,1,monthly issuance,950105,197099,74.7,9624,2.31,145,4265,53,False,197099,74.7,9624,2.31,145,4265,,
9422,961029,86184,12,7182,1,monthly issuance,960306,285387,89.9,10177,7.75,81,10108,58,True,285387,89.9,10177,7.75,81,10108,,
2062,961029,86184,12,7182,1,monthly issuance,960306,285387,89.9,10177,7.75,81,10108,58,True,285387,89.9,10177,7.75,81,10108,,
4447,961031,192744,36,5354,1,monthly issuance,960616,145688,40.7,8544,1.86,109,2906,34,False,145688,40.7,8544,1.86,109,2906,,
4447,961031,192744,36,5354,1,monthly issuance,960616,145688,40.7,8544,1.86,109,2906,34,False,145688,40.7,8544,1.86,109,2906,,
3754,961103,68544,24,2856,1,weekly issuance,960219,114006,62.3,9065,5.39,123,4166,22,False,114006,62.3,9065,5.39,123,4166,,
3754,961103,68544,24,2856,1,weekly issuance,960219,114006,62.3,9065,5.39,123,4166,22,False,114006,62.3,9065,5.39,123,4166,,
132,961106,88440,12,7370,1,issuance after transaction,960511,128118,85.3,9317,7.07,97,6872,53,True,128118,85.3,9317,7.07,97,6872,,
132,961106,88440,12,7370,1,issuance after transaction,960511,128118,85.3,9317,7.07,97,6872,53,True,128118,85.3,9317,7.07,97,6872,,
5001,961109,110112,24,4588,1,monthly issuance,951215,107911,50.9,8240,3.56,99,1903,35,False,107911,50.9,8240,3.56,99,1903,,
6434,961111,110136,24,4589,1,monthly issuance,950508,1204953,100.0,12541,0.43,167,99107,40,True,1204953,100.0,12541,0.43,167,99107,,
5263,961112,276300,60,4605,1,monthly issuance,950714,197099,74.7,9624,2.31,145,4265,22,False,197099,74.7,9624,2.31,145,4265,,
4948,961115,359760,60,5996,1,monthly issuance,950729,161854,76.3,9425,2.5,125,3891,19,False,161854,76.3,9425,2.5,125,3891,,
3115,961115,321180,60,5353,1,monthly issuance,960327,177686,74.8,10045,1.71,135,6295,62,False,177686,74.8,10045,1.71,135,6295,,
3115,961115,321180,60,5353,1,monthly issuance,960327,177686,74.8,10045,1.71,135,6295,62,False,177686,74.8,10045,1.71,135,6295,,
9548,961115,46176,48,962,1,monthly issuance,960607,145688,40.7,8544,1.86,109,2906,32,False,145688,40.7,8544,1.86,109,2906,,
10297,961118,421008,48,8771,1,monthly issuance,960119,177686,74.8,10045,1.71,135,6295,45,False,177686,74.8,10045,1.71,135,6295,,
7859,961119,72120,12,6010,1,monthly issuance,950314,139012,61.9,8363,3.49,108,2799,46,True,139012,61.9,8363,3.49,108,2799,,
7859,961119,72120,12,6010,1,monthly issuance,950314,139012,61.9,8363,3.49,108,2799,46,True,139012,61.9,8363,3.49,108,2799,,
9510,961122,228276,36,6341,1,monthly issuance,960609,1204953,100.0,12541,0.43,167,99107,37,False,1204953,100.0,12541,0.43,167,99107,,
9510,961122,228276,36,6341,1,monthly issuance,960609,1204953,100.0,12541,0.43,167,99107,37,False,1204953,100.0,12541,0.43,167,99107,,
1250,961125,182640,48,3805,1,monthly issuance,960328,145688,40.7,8544,1.86,109,2906,56,True,145688,40.7,8544,1.86,109,2906,,
2153,961128,61560,12,5130,1,weekly issuance,960107,51313,59.2,8930,4.2,108,1452,55,False,51313,59.2,8930,4.2,108,1452,,
4981,961128,179328,48,3736,1,monthly issuance,960122,387570,100.0,9897,1.96,140,18696,25,False,387570,100.0,9897,1.96,140,18696,,
3021,961204,155616,48,3242,1,monthly issuance,960420,92084,46.7,10124,0.54,141,4316,39,True,92084,46.7,10124,0.54,141,4316,,
10520,961205,417600,60,6960,1,issuance after transaction,951024,157042,33.9,8743,2.43,111,3894,28,False,157042,33.9,8743,2.43,111,3894,gold,960717.0
10411,961211,123408,24,5142,1,issuance after transaction,951123,119895,89.9,10446,9.4,90,4743,34,False,119895,89.9,10446,9.4,90,4743,gold,960703.0
9030,961212,155616,48,3242,1,monthly issuance,950121,226122,62.6,8994,4.79,110,9208,27,True,226122,62.6,8994,4.79,110,9208,,
9030,961212,155616,48,3242,1,monthly issuance,950121,226122,62.6,8994,4.79,110,9208,27,True,226122,62.6,8994,4.79,110,9208,,
3189,961215,222180,60,3703,-1,monthly issuance,951129,45714,55.6,8843,3.6,113,888,59,False,45714,55.6,8843,3.6,113,888,,
8972,961221,45024,48,938,1,monthly issuance,960521,285387,89.9,10177,7.75,81,10108,41,True,285387,89.9,10177,7.75,81,10108,,
10963,961225,115812,36,3217,1,monthly issuance,950520,93931,56.9,8427,1.54,107,1913,45,False,93931,56.9,8427,1.54,107,1913,,
11362,961227,129408,24,5392,1,monthly issuance,951014,106054,63.1,8110,6.55,109,3079,36,True,106054,63.1,8110,6.55,109,3079,,
