loan_id,loan_value,loan_duration,payments,loan_success,account_district no. of inhabitants,account_district ratio of urban inhabitants ,account_district average salary ,account_district unemploymant rate '95 ,account_district unemploymant rate '96 ,account_district no. of enterpreneurs per 1000 inhabitants ,account_district no. of commited crimes '95 ,account_district no. of commited crimes '96 ,age,women,card_type,no. of transactions,balance,nr_movements,min_trans_amount,max_trans_amount,avg_trans_amount,min_balance,max_balance,avg_balance
5314,96396,12,8033,-1,94812,81.8,9650,6.43,3.67,100,1358.0,2804,51,True,0,3300.0,20100.0,4.0,1100.0,9900.0,5025.0,1100.0,20100.0,12250.0
5316,165960,36,4610,1,112709,73.5,8369,6.43,2.31,117,1358.0,2618,30,False,0,3419.0,52208.9,37.0,2.9,54300.0,11015.635135135137,700.0,120512.8,52083.85945945945
6863,127080,60,2118,1,77917,53.5,8390,6.43,2.89,132,1358.0,2122,62,False,0,12000.0,20272.8,24.0,48.6,19065.0,5417.458333333334,800.0,49590.4,30060.95416666668
5325,105804,36,2939,1,107870,58.0,8754,6.43,4.31,137,1358.0,3868,58,True,0,14.6,34292.7,25.0,14.6,26448.0,8253.080000000002,1000.0,65898.5,41297.48
7240,274740,60,4579,1,1204953,100.0,12541,6.43,0.43,167,1358.0,99107,20,False,0,182.8,41142.9,27.0,30.0,63366.0,18945.966666666667,600.0,122893.1,57188.21111111113
6687,87840,24,3660,1,53921,41.3,8598,6.43,3.26,123,1358.0,1875,18,True,0,22000.0,43847.8,17.0,51.3,32938.0,9496.929411764706,500.0,65847.8,46318.55294117648
7284,52788,12,4399,1,58796,51.9,9045,6.43,3.6,124,1358.0,1879,25,False,0,1900.0,21029.0,43.0,14.6,17920.0,3714.8976744186057,1000.0,41469.1,22198.179069767448
6111,174744,24,7281,-1,122603,80.0,8991,6.43,2.01,128,1358.0,5273,50,True,0,40175.0,58140.9,32.0,14.6,52600.0,11557.95,1000.0,105628.0,37485.45625
7235,154416,48,3217,1,70699,65.3,8968,6.43,3.35,131,1358.0,1910,29,True,0,2600.0,53402.7,32.0,13.6,39098.0,9740.15,8897.0,81723.5,46715.8
5997,117024,24,4876,1,177686,74.8,10045,6.43,1.71,135,1358.0,6295,63,False,0,208.3,53193.5,13.0,45.1,29255.0,14122.576923076924,800.0,76985.2,44131.16923076923
7121,21924,36,609,1,157042,33.9,8743,6.43,2.43,111,1358.0,3894,38,False,0,14493.0,49083.3,45.0,14.6,21739.5,5957.544444444446,1100.0,60432.4,34272.21333333335
6077,79608,24,3317,1,105606,53.0,8254,6.43,3.76,97,1358.0,2325,28,False,0,3100.0,103745.7,53.0,14.6,67124.0,17600.358490566032,800.0,125825.7,69954.57169811318
6228,464520,60,7742,-1,77963,51.5,8546,6.43,4.02,126,1358.0,3120,58,True,0,290.7,101797.3,68.0,30.0,47757.0,13335.798529411764,200.0,125943.1,51760.01617647063
6356,95400,36,2650,1,75685,60.8,8208,6.43,2.26,155,1358.0,2123,27,False,0,30.0,27667.0,47.0,23.6,35760.0,10370.702127659575,200.0,92354.8,41562.32340425532
5523,93888,36,2608,1,86513,50.5,8288,6.43,4.52,110,1358.0,1460,48,True,0,12000.0,34716.3,19.0,48.0,15649.0,7121.915789473684,600.0,52378.2,37510.49473684211
6456,47016,12,3918,1,197099,74.7,9624,6.43,2.31,145,1358.0,4265,41,True,0,14581.0,58773.2,42.0,32.8,51800.0,12252.22380952381,200.0,112901.6,60382.085714285706
7104,259740,60,4329,1,228848,57.2,9893,6.43,4.72,96,1358.0,5887,19,False,0,12414.0,67219.5,17.0,75.3,38960.0,13038.088235294115,800.0,79633.5,45198.15294117648
6820,38148,12,3179,1,1204953,100.0,12541,6.43,0.43,167,1358.0,99107,33,True,0,32706.0,56840.8,29.0,9.9,32706.0,8369.555172413793,900.0,62324.6,37462.093103448286
6876,86616,12,7218,1,75637,36.5,9622,6.43,0.59,154,1358.0,3529,37,False,0,11100.0,37253.1,15.0,29.8,17859.0,5323.546666666666,800.0,48353.1,25714.046666666665
7097,75624,24,3151,-1,387570,100.0,9897,6.43,1.96,140,1358.0,18696,40,False,0,13500.0,41954.8,23.0,50.5,49887.0,13406.739130434782,400.0,89754.8,50009.90869565218
4959,80952,24,3373,1,1204953,100.0,12541,6.43,0.43,167,1358.0,99107,53,False,0,138.3,27855.2,54.0,13.5,30354.0,7954.257407407405,1100.0,67529.6,32590.62407407406
6499,80952,24,3373,1,1204953,100.0,12541,6.43,0.43,167,1358.0,99107,53,False,0,150.2,28763.7,54.0,13.5,30354.0,7937.749999999999,1100.0,67529.6,33312.53888888891
5479,24516,12,2043,1,1204953,100.0,12541,6.43,0.43,167,1358.0,99107,40,False,0,14.6,78656.2,73.0,12.5,59200.0,16201.558904109586,200.0,125254.2,55582.22602739725
5170,253200,60,4220,1,228848,57.2,9893,6.43,4.72,96,1358.0,5887,48,True,0,12950.0,81150.6,41.0,30.0,46304.0,11912.358536585369,800.0,104417.9,47302.54634146344
6721,21072,24,878,1,149893,67.4,9753,6.43,5.05,109,1358.0,5892,34,True,0,2600.0,30867.0,15.0,48.5,9738.0,3164.473333333334,1100.0,33467.0,21575.68666666666
7259,108144,36,3004,1,1204953,100.0,12541,6.43,0.43,167,1358.0,99107,35,True,0,3500.0,21921.3,55.0,14.6,60600.0,13671.429090909089,900.0,123863.4,54652.89818181817
5285,78936,12,6578,1,1204953,100.0,12541,6.43,0.43,167,1358.0,99107,41,True,0,1187.0,24601.0,51.0,14.6,11416.0,3259.0000000000005,900.0,40560.3,25900.31960784313
5189,149040,48,3105,1,75637,36.5,9622,6.43,0.59,154,1358.0,3529,30,True,0,126.7,19048.1,54.0,14.6,27946.0,6682.029629629629,200.0,62441.6,36845.58888888889
6650,49320,12,4110,-1,122603,80.0,8991,6.43,2.01,128,1358.0,5273,53,True,0,11567.0,15673.6,49.0,100.0,62700.0,10548.35918367347,900.0,126833.0,46576.27755102041
7226,197748,36,5493,1,102609,52.0,8187,6.43,5.45,94,1358.0,2134,28,True,0,5700.0,43294.5,16.0,68.3,36216.0,14293.412500000002,300.0,74413.6,44735.43125
6087,300660,60,5011,1,128118,85.3,9317,6.43,7.07,97,1358.0,6872,48,False,0,9800.0,33918.9,66.0,14.6,48900.0,10342.530303030304,800.0,135175.2,45854.89090909087
7262,182628,36,5073,1,138032,64.6,8819,6.43,5.66,99,1358.0,4505,39,False,0,183.5,45660.9,13.0,67.1,23204.0,8281.607692307693,500.0,52246.0,33229.1076923077
5519,91632,12,7636,1,94725,63.4,9920,6.43,2.87,130,1358.0,4846,36,True,0,6100.0,33061.9,70.0,14.6,26378.0,6304.1057142857135,700.0,64577.8,40976.94285714284
6577,51696,24,2154,1,323870,100.0,10673,6.43,5.44,100,1358.0,18347,30,True,2,9500.0,38202.2,102.0,14.6,59600.0,13901.269607843138,600.0,124339.4,58226.504901960776
6509,55368,24,2307,1,197099,74.7,9624,6.43,2.31,145,1358.0,4265,59,True,0,10100.0,12414.4,98.0,14.6,48139.0,8702.475510204076,200.0,113350.7,46061.31938775505
6520,91200,24,3800,1,119895,89.9,10446,6.43,9.4,90,1358.0,4743,43,True,0,22799.0,32715.3,36.0,14.6,34198.0,9999.522222222224,700.0,76736.9,32558.533333333333
6699,7656,24,319,1,78955,59.0,9060,6.43,2.44,124,1358.0,1717,36,True,0,12800.0,36353.1,81.0,9.2,31677.0,6436.609876543208,600.0,73069.1,46444.63950617287
6336,212400,36,5900,1,85852,59.8,8965,6.43,8.23,104,1358.0,2822,32,True,0,33500.0,64221.1,71.0,30.0,48828.0,11301.5661971831,300.0,133215.2,51034.36197183098
7055,167100,60,2785,1,145688,40.7,8544,6.43,1.86,109,1358.0,2906,28,True,0,12300.0,39310.2,79.0,14.6,49980.0,14332.407594936703,1100.0,143605.7,63707.62658227849
6103,149340,60,2489,1,105606,53.0,8254,6.43,3.76,97,1358.0,2325,35,False,0,30.0,23538.3,56.0,30.0,22404.0,5778.791071428573,500.0,53214.0,29069.11607142853
6202,65184,12,5432,1,387570,100.0,9897,6.43,1.96,140,1358.0,18696,41,False,0,7100.0,67995.4,82.0,14.6,48891.0,11972.67682926829,900.0,102410.3,47426.54999999997
7066,215388,36,5983,-1,1204953,100.0,12541,6.43,0.43,167,1358.0,99107,39,False,0,139.3,30662.8,15.0,18.0,49757.0,6110.860000000001,1000.0,50757.0,32702.726666666666
6696,89040,60,1484,1,148545,53.5,8909,6.43,5.56,113,1358.0,3590,28,True,0,800.0,29305.8,87.0,14.6,15843.0,3441.2045977011485,800.0,46550.2,30045.4
6072,193968,36,5388,1,226122,62.6,8994,6.43,4.79,110,1358.0,9208,26,False,0,19181.0,80780.0,29.0,52.4,54200.0,16951.03448275862,800.0,120567.3,63579.21724137932
5130,24312,12,2026,1,93931,56.9,8427,6.43,1.54,107,1358.0,1913,43,True,0,6600.0,28461.9,78.0,14.6,24322.0,4949.474358974358,1100.0,48277.9,29380.83974358974
5568,272520,60,4542,1,92084,46.7,10124,6.43,0.54,141,1358.0,4316,59,False,0,1300.0,30009.9,84.0,13.3,56700.0,10778.34523809524,1100.0,121891.4,44602.64166666664
6678,80340,12,6695,1,75637,36.5,9622,6.43,0.59,154,1358.0,3529,22,True,0,40840.0,89342.6,52.0,14.6,61260.0,15464.398076923077,1100.0,122523.5,61531.59038461539
6998,97632,12,8136,1,70646,58.4,8547,6.43,3.64,120,1358.0,1542,30,True,0,16800.0,41330.1,65.0,14.6,73224.0,15218.433846153845,1100.0,119900.1,53379.12769230773
6580,196080,48,4085,1,87419,85.5,8624,6.43,2.66,102,1358.0,3198,40,False,0,4900.0,86857.4,47.0,14.6,46888.0,10472.497872340426,900.0,97457.4,49143.96595744681
6316,76908,12,6409,-1,107870,58.0,8754,6.43,4.31,137,1358.0,3868,52,True,0,7000.0,14888.6,102.0,14.6,52200.0,12928.499019607843,1100.0,126002.8,52890.40392156866
6512,63312,48,1319,1,149893,67.4,9753,6.43,5.05,109,1358.0,5892,42,True,0,900.0,28553.5,82.0,14.6,10500.0,2011.2317073170727,500.0,31462.9,22551.77926829271
6407,25944,24,1081,1,118650,85.6,9832,6.43,4.48,114,1358.0,5471,38,True,0,24193.0,69398.9,37.0,14.6,36289.5,10704.751351351351,600.0,80155.2,56927.45405405403
5002,104808,12,8734,1,125832,48.3,8512,6.43,4.12,102,1358.0,2103,59,False,0,3900.0,28015.4,30.0,14.6,25970.0,6642.553333333333,500.0,57865.3,38709.83
6647,208320,48,4340,1,1204953,100.0,12541,6.43,0.43,167,1358.0,99107,30,True,0,30.0,44183.1,85.0,30.0,39060.0,9434.437647058823,200.0,82981.9,43944.88941176475
7137,151560,24,6315,1,125832,48.3,8512,6.43,4.12,102,1358.0,2103,45,False,0,15993.0,21323.2,28.0,14.6,56835.0,16935.55357142857,300.0,97912.7,53976.29285714283
6903,52128,24,2172,1,94812,81.8,9650,6.43,3.67,100,1358.0,2804,39,True,0,14.6,58844.8,71.0,0.1,44473.0,6031.725352112675,144.2,59944.2,33459.68028169013
5918,300204,36,8339,1,67298,43.8,8561,6.43,1.29,110,1358.0,1127,34,False,0,200.0,33811.7,71.0,14.6,28365.0,6578.118309859154,300.0,57676.7,34084.4605633803
6642,77640,12,6470,1,105606,53.0,8254,6.43,3.76,97,1358.0,2325,31,False,0,6000.0,30825.8,60.0,30.0,58227.0,13255.798333333332,700.0,117489.5,55570.30499999995
6210,87216,48,1817,-1,58796,51.9,9045,6.43,3.6,124,1358.0,1879,34,False,0,14.6,21691.3,33.0,14.6,16356.0,4041.378787878787,200.0,41410.0,28362.24848484848
6279,87360,24,3640,1,85852,59.8,8965,6.43,8.23,104,1358.0,2822,36,False,0,138.1,29072.5,30.0,14.6,49341.0,8145.613333333334,200.0,69174.6,36783.95
7249,69360,48,1445,1,75637,36.5,9622,6.43,0.59,154,1358.0,3529,57,False,0,13700.0,38665.0,78.0,14.6,17782.0,4748.167948717948,1100.0,52365.0,33857.10641025642
6736,288360,60,4806,1,1204953,100.0,12541,6.43,0.43,167,1358.0,99107,63,False,0,17.5,43313.2,10.0,8.7,27116.0,8585.039999999999,800.0,58495.8,33211.759999999995
6112,174744,24,7281,-1,125236,87.7,9675,6.43,7.68,100,1358.0,5190,20,True,0,8300.0,6930.8,118.0,0.2,46739.0,7375.6279661016915,-1369.2,96659.4,26252.81440677967
5319,239460,60,3991,1,128118,85.3,9317,6.43,7.07,97,1358.0,6872,56,True,0,7400.0,36240.6,46.0,14.6,35918.0,9689.680434782607,300.0,74408.8,40061.58043478263
6596,91584,24,3816,1,1204953,100.0,12541,6.43,0.43,167,1358.0,99107,47,True,0,27900.0,49842.9,31.0,14.6,47906.0,15002.819354838708,1000.0,83039.4,50765.41612903225
5837,244560,60,4076,1,124605,46.0,8772,6.43,4.98,126,1358.0,3158,31,True,0,4107.0,21326.1,42.0,14.6,36680.0,10168.945238095235,1000.0,72512.5,38426.728571428575
5657,4980,12,415,1,86513,50.5,8288,6.43,4.52,110,1358.0,1460,46,True,0,800.0,22500.3,46.0,14.6,16000.0,3932.504347826088,800.0,41106.2,30533.37173913044
5533,111384,24,4641,1,51428,52.7,8402,6.43,3.98,120,1358.0,1099,31,False,0,31759.0,52318.9,152.0,14.6,61700.0,13525.02368421053,500.0,141386.0,65097.22434210526
6232,276660,36,7685,-1,124605,46.0,8772,6.43,4.98,126,1358.0,3158,49,False,0,4987.0,19783.2,58.0,9.5,11600.0,3499.286206896553,500.0,32720.4,19256.89482758621
6888,39576,12,3298,1,1204953,100.0,12541,6.43,0.43,167,1358.0,99107,18,True,0,9493.0,23901.1,115.0,14.6,49603.0,8275.283478260868,300.0,103467.2,48944.82782608696
6066,173808,24,7242,1,148545,53.5,8909,6.43,5.56,113,1358.0,3590,41,True,0,49681.0,94431.9,75.0,43.3,74522.0,17396.585333333336,1000.0,134416.6,61218.658666666684
5549,50460,60,841,1,75637,36.5,9622,6.43,0.59,154,1358.0,3529,51,True,0,600.0,41531.0,43.0,14.6,22927.5,6392.972093023257,800.0,51971.4,37570.62790697676
5060,252060,60,4201,-1,1204953,100.0,12541,6.43,0.43,167,1358.0,99107,33,True,0,13990.0,70096.5,61.0,8.2,49937.0,11625.122950819672,900.0,106259.6,57340.508196721305
6004,143904,24,5996,1,107870,58.0,8754,6.43,4.31,137,1358.0,3868,47,False,0,8800.0,38336.2,139.0,6.7,60500.0,9194.261151079138,700.0,134571.2,49727.456115107925
5126,208128,48,4336,-1,387570,100.0,9897,6.43,1.96,140,1358.0,18696,47,False,0,38929.0,81474.6,64.0,14.6,47493.0,9442.159375,-1069.7,96064.0,36369.97499999999
7220,131292,36,3647,1,1204953,100.0,12541,6.43,0.43,167,1358.0,99107,44,False,0,3500.0,31361.3,83.0,12.1,32823.0,7915.583132530121,1000.0,70288.4,36635.11566265061
6668,74736,36,2076,1,77917,53.5,8390,6.43,2.89,132,1358.0,2122,33,False,0,10200.0,33243.7,67.0,14.6,30918.0,8191.962686567161,700.0,62084.0,37912.99850746268
5395,299088,36,8308,-1,106054,63.1,8110,6.43,6.55,109,1358.0,3079,32,True,0,14198.0,19448.5,126.0,14.6,59400.0,12746.586507936514,500.0,193909.9,51992.854761904746
6836,189300,60,3155,1,162580,72.8,9538,6.43,1.81,111,1358.0,5410,45,False,0,95.2,24566.6,102.0,14.6,28413.0,5114.498039215686,800.0,61043.3,32354.03137254901
6064,14628,12,1219,1,157042,33.9,8743,6.43,2.43,111,1358.0,3894,49,True,0,160.7,34917.4,102.0,2.0,23230.5,4093.035294117646,200.0,52184.7,32788.14215686272
6919,120888,36,3358,1,1204953,100.0,12541,6.43,0.43,167,1358.0,99107,54,True,0,11100.0,52014.4,96.0,30.0,49200.0,9301.089583333334,600.0,116468.4,40838.75520833332
6841,172080,48,3585,1,92084,46.7,10124,6.43,0.54,141,1358.0,4316,41,True,0,273.9,58091.4,42.0,14.6,45518.0,11368.769047619046,200.0,119138.8,60743.95714285715
6038,323472,48,6739,1,1204953,100.0,12541,6.43,0.43,167,1358.0,99107,58,True,0,230.0,72386.4,57.0,14.6,44802.0,12422.015789473682,200.0,119934.1,45414.07368421048
6729,74688,12,6224,1,87419,85.5,8624,6.43,2.66,102,1358.0,3198,53,True,0,13711.0,28933.3,112.0,14.6,56019.0,11551.496428571432,1100.0,104902.4,48484.62410714285
7198,45768,12,3814,1,106054,63.1,8110,6.43,6.55,109,1358.0,3079,21,True,0,23900.0,54427.5,27.0,24.2,36574.0,5645.466666666667,800.0,78327.5,32555.81851851852
6686,224604,36,6239,1,51313,59.2,8930,6.43,4.2,108,1358.0,1452,22,False,0,17300.0,40287.4,93.0,14.6,56152.0,14537.80322580645,200.0,109178.4,57496.98924731188
5836,79632,24,3318,1,125832,48.3,8512,6.43,4.12,102,1358.0,2103,39,True,0,9516.0,89746.5,16.0,112.5,66165.0,24948.65625,900.0,119373.5,63494.2
7061,121896,24,5079,1,157042,33.9,8743,6.43,2.43,111,1358.0,3894,33,False,0,15500.0,41917.2,93.0,14.6,64900.0,13230.344086021503,600.0,133454.9,54422.59677419359
5595,82896,12,6908,1,110643,51.9,8441,6.43,4.48,115,1358.0,2252,26,False,2,299.9,64300.6,126.0,14.6,62168.0,10765.97777777778,900.0,107680.9,57141.73095238091
5723,23628,12,1969,1,85852,59.8,8965,6.43,8.23,104,1358.0,2822,44,False,0,35200.0,64096.3,110.0,1.7,43694.0,9915.672727272728,1000.0,140228.7,47420.84181818185
6120,209184,48,4358,1,139012,61.9,8363,6.43,3.49,108,1358.0,2799,45,False,0,14500.0,44254.7,68.0,14.6,61800.0,14438.21176470588,1000.0,110583.8,46230.339705882405
6895,41904,12,3492,1,228848,57.2,9893,6.43,4.72,96,1358.0,5887,24,False,0,3500.0,39204.7,143.0,0.8,51700.0,6720.900699300696,900.0,129123.0,36080.38671328672
5882,87816,12,7318,1,105058,81.0,9272,6.43,3.22,118,1358.0,4505,37,False,0,5000.0,15665.6,84.0,14.6,14886.0,4538.900000000001,800.0,43442.2,25533.2142857143
5754,23052,12,1921,1,387570,100.0,9897,6.43,1.96,140,1358.0,18696,58,True,0,5520.0,28531.7,171.0,14.6,24000.0,3618.326315789472,700.0,54321.8,23771.96608187134
6594,189696,24,7904,-1,110643,51.9,8441,6.43,4.48,115,1358.0,2252,28,True,0,2200.0,22500.0,5.0,600.0,11500.0,4500.0,600.0,22500.0,14900.0
6738,230220,36,6395,-1,323870,100.0,10673,6.43,5.44,100,1358.0,18347,56,True,0,8894.0,6325.5,82.0,4.9,59800.0,7188.8524390243865,-2719.7,130801.0,27658.487804878067
6624,71460,12,5955,1,157042,33.9,8743,6.43,2.43,111,1358.0,3894,53,False,0,34197.0,53022.0,43.0,14.6,48487.0,10433.43953488372,200.0,82549.0,47991.530232558136
6216,141240,24,5885,1,102609,52.0,8187,6.43,5.45,94,1358.0,2134,36,False,0,4900.0,45871.6,102.0,14.6,52968.0,9343.385294117645,1000.0,107784.1,57219.574509803846
6229,11736,24,489,1,1204953,100.0,12541,6.43,0.43,167,1358.0,99107,60,False,0,2200.0,26984.4,133.0,14.6,33098.0,6032.843609022554,1100.0,70826.8,42224.43909774438
5887,192744,36,5354,1,110643,51.9,8441,6.43,4.48,115,1358.0,2252,27,True,0,14.6,29019.1,76.0,8.8,47700.0,7643.909210526314,700.0,121508.1,37265.65526315789
6808,227880,36,6330,1,197099,74.7,9624,6.43,2.31,145,1358.0,4265,43,True,0,8552.0,53716.6,83.0,14.6,64600.0,8156.793975903611,1100.0,153213.7,45134.72168674696
6297,17508,12,1459,1,323870,100.0,10673,6.43,5.44,100,1358.0,18347,52,False,0,720.0,48027.0,72.0,14.6,17580.0,4842.7652777777785,900.0,54432.3,39290.61805555556
5161,98184,24,4091,1,114200,43.7,8403,6.43,5.72,105,1358.0,2718,53,True,0,24545.0,68956.1,14.0,74.1,24545.0,9311.157142857142,500.0,68956.1,41660.392857142855
5390,170256,24,7094,1,93931,56.9,8427,6.43,1.54,107,1358.0,1913,33,True,0,3720.0,43302.8,77.0,14.6,36552.0,9089.424675324672,200.0,79869.8,40091.18311688309
6150,83016,12,6918,1,285387,89.9,10177,6.43,7.75,81,1358.0,10108,19,False,0,302.5,93620.2,196.0,14.6,64400.0,13414.556632653064,700.0,136436.6,67891.93520408162
6223,61056,48,1272,1,1204953,100.0,12541,6.43,0.43,167,1358.0,99107,41,True,0,14.6,33525.3,64.0,14.6,24372.0,5646.339062499999,900.0,55816.0,36039.05156249998
5032,123696,48,2577,1,124605,46.0,8772,6.43,4.98,126,1358.0,3158,58,False,0,113.7,25201.8,61.0,14.6,48476.0,8953.219672131147,300.0,89822.2,49084.38196721312
6253,59760,24,2490,1,323870,100.0,10673,6.43,5.44,100,1358.0,18347,40,False,0,14.6,41133.1,54.0,14.6,34557.0,8295.155555555553,300.0,69643.1,40204.4648148148
6460,48672,36,1352,1,1204953,100.0,12541,6.43,0.43,167,1358.0,99107,50,True,0,14.6,23110.0,97.0,14.6,12100.0,1577.49381443299,300.0,33484.4,23050.189690721647
6645,140400,36,3900,1,1204953,100.0,12541,6.43,0.43,167,1358.0,99107,57,False,0,5100.0,28271.8,45.0,14.6,63200.0,10991.504444444445,400.0,115000.2,43563.61999999999
5176,192552,24,8023,-1,70646,58.4,8547,6.43,3.64,120,1358.0,1542,35,True,0,110.4,22255.5,51.0,10.2,23844.0,5774.419607843138,800.0,49563.0,23979.01176470588
5269,164052,36,4557,-1,51313,59.2,8930,6.43,4.2,108,1358.0,1452,23,True,0,10800.0,20811.2,65.0,0.4,48181.0,11809.263076923078,-2564.7,112045.6,41752.16153846152
5351,205200,36,5700,1,161954,48.0,8720,6.43,4.5,116,1358.0,3651,35,True,0,12400.0,54586.0,129.0,30.0,51303.0,9244.202325581397,900.0,93928.5,58336.31162790698
5861,51408,24,2142,1,45714,55.6,8843,6.43,3.6,113,1358.0,888,49,False,0,161.8,49213.4,64.0,14.6,57700.0,13410.820312499998,900.0,137087.2,52299.285937499975
5450,199680,60,3328,1,95616,51.4,9307,6.43,4.43,118,1358.0,3040,49,False,0,14.6,19924.0,74.0,14.6,29954.0,7353.527027027026,500.0,62238.8,33658.61756756758
7142,482940,60,8049,-1,1204953,100.0,12541,6.43,0.43,167,1358.0,99107,22,True,0,4653.0,18439.4,130.0,7.8,21056.0,4060.680769230768,900.0,57707.2,26358.7546153846
6306,36684,12,3057,1,51313,59.2,8930,6.43,4.2,108,1358.0,1452,20,True,0,5700.0,35093.0,125.0,8.3,24480.0,4768.643199999998,700.0,50774.2,30229.79760000001
6272,398640,60,6644,1,323870,100.0,10673,6.43,5.44,100,1358.0,18347,38,True,0,30800.0,59316.9,86.0,30.0,59793.0,16552.96279069768,400.0,121689.5,63383.57558139535
5044,100980,60,1683,1,387570,100.0,9897,6.43,1.96,140,1358.0,18696,33,False,0,1500.0,47137.7,70.0,14.6,22900.0,5261.0485714285705,600.0,53376.7,35614.74428571429
5576,31248,12,2604,1,1204953,100.0,12541,6.43,0.43,167,1358.0,99107,59,True,0,6268.0,53922.3,120.0,14.6,64100.0,13845.45833333334,1000.0,144715.3,64493.09916666662
7192,115992,36,3222,1,77917,53.5,8390,6.43,2.89,132,1358.0,2122,61,False,0,8042.0,9669.5,127.0,5.4,60600.0,6214.374015748032,200.0,107692.0,25666.40708661417
5739,76380,12,6365,1,1204953,100.0,12541,6.43,0.43,167,1358.0,99107,41,True,0,110.5,23171.2,45.0,14.6,12861.0,3571.591111111112,1100.0,41703.3,26122.848888888897
6526,288468,36,8013,1,86513,50.5,8288,6.43,4.52,110,1358.0,1460,40,True,0,175.3,48840.6,17.0,6.4,30950.0,8402.382352941177,600.0,71939.2,36999.52352941177
5624,177744,48,3703,-1,161227,69.7,8678,6.43,5.57,102,1358.0,4595,26,False,0,11400.0,14230.7,95.0,3.3,45056.0,6726.888421052629,-2485.5,89733.5,26746.5252631579
6244,270648,36,7518,-1,1204953,100.0,12541,6.43,0.43,167,1358.0,99107,61,False,0,25800.0,50996.5,72.0,30.0,52700.0,12958.563888888888,200.0,134501.4,60819.976388888885
5131,48624,24,2026,1,139012,61.9,8363,6.43,3.49,108,1358.0,2799,37,False,0,4514.0,47993.6,117.0,14.6,52900.0,12180.788034188035,200.0,134187.4,63857.2367521368
6960,76416,24,3184,1,1204953,100.0,12541,6.43,0.43,167,1358.0,99107,61,False,0,4087.0,12262.9,153.0,14.6,28659.0,6527.337254901959,8686.4,64494.1,31375.160784313728
6358,137880,60,2298,-1,78955,59.0,9060,6.43,2.44,124,1358.0,1717,35,False,0,5100.0,19966.8,89.0,30.0,20848.0,6024.032584269662,200.0,52658.4,24523.07303370786
5418,347952,48,7249,1,45714,55.6,8843,6.43,3.6,113,1358.0,888,34,True,0,5800.0,57546.3,120.0,14.6,54600.0,13441.428333333335,300.0,123013.2,54157.19416666667
6598,68112,12,5676,1,138032,64.6,8819,6.43,5.66,99,1358.0,4505,21,True,0,7500.0,39416.1,147.0,14.6,57164.0,9898.475510204082,300.0,111588.8,47220.13401360543
5464,95808,12,7984,1,122603,80.0,8991,6.43,2.01,128,1358.0,5273,58,False,0,26373.0,72500.4,90.0,14.6,57700.0,16058.694444444449,900.0,122452.2,59701.78666666667
6591,20832,48,434,1,85852,59.8,8965,6.43,8.23,104,1358.0,2822,50,False,0,68.5,17887.1,151.0,14.6,19700.0,2499.068211920529,500.0,41997.9,21368.909933774863
5724,316140,60,5269,-1,1204953,100.0,12541,6.43,0.43,167,1358.0,99107,30,False,0,66.8,12826.4,139.0,14.6,13352.0,3872.06834532374,800.0,39616.2,18632.933812949643
6315,43164,12,3597,1,117897,53.8,8814,6.43,5.74,107,1358.0,2059,22,True,0,900.0,31349.9,69.0,14.6,57680.0,14188.256521739127,800.0,120071.4,68377.06376811591
5876,221280,48,4610,1,323870,100.0,10673,6.43,5.44,100,1358.0,18347,30,False,0,157.5,31344.7,71.0,30.0,50178.0,11891.501408450704,1100.0,106144.8,37596.93239436623
6986,151728,48,3161,-1,323870,100.0,10673,6.43,5.44,100,1358.0,18347,22,False,0,2300.0,26488.7,57.0,0.8,48906.0,8289.664912280701,-669.7,82784.6,30491.09824561401
6294,79920,60,1332,1,170449,100.0,10787,6.43,3.09,131,1358.0,6261,45,False,0,5984.0,31271.6,95.0,14.6,36634.5,7707.406315789472,700.0,74199.5,43846.97789473684
5132,538500,60,8975,1,95616,51.4,9307,6.43,4.43,118,1358.0,3040,38,False,0,4605.0,23271.0,58.0,14.6,32082.0,8499.93448275862,200.0,69775.9,33687.85862068966
5877,97224,24,4051,1,122603,80.0,8991,6.43,2.01,128,1358.0,5273,47,True,0,3600.0,19479.6,112.0,14.6,16257.0,3938.214285714286,1000.0,43393.0,22360.53660714285
6227,28248,24,1177,1,162580,72.8,9538,6.43,1.81,111,1358.0,5410,28,True,0,180.3,33743.7,94.0,14.6,30055.5,8111.6808510638275,400.0,69893.0,45582.44893617021
7241,168984,24,7041,-1,1204953,100.0,12541,6.43,0.43,167,1358.0,99107,22,False,0,14200.0,24304.3,160.0,2.5,55200.0,11357.386875000004,-517.7,120806.4,56053.99750000009
6737,76680,24,3195,1,228848,57.2,9893,6.43,4.72,96,1358.0,5887,49,False,0,5483.0,27191.2,143.0,14.6,57554.0,9877.504195804198,1000.0,104676.1,62933.4748251748
7004,331560,60,5526,1,107870,58.0,8754,6.43,4.31,137,1358.0,3868,18,False,0,12400.0,47992.1,119.0,14.6,33276.0,7321.519327731091,900.0,71924.6,36941.99831932773
6169,103680,60,1728,-1,95907,59.1,8388,6.43,2.94,87,1358.0,1668,27,False,0,9615.0,36427.6,109.0,14.6,14422.5,3896.3825688073375,500.0,46520.1,28250.10917431192
5208,99696,48,2077,-1,88757,61.7,8554,6.43,2.68,113,1358.0,2218,27,True,0,2000.0,32966.8,108.0,0.4,55900.0,11716.77962962963,-974.6,127684.9,46341.29351851856
6694,134784,24,5616,1,285387,89.9,10177,6.43,7.75,81,1358.0,10108,58,True,0,4900.0,16218.7,55.0,12.2,58800.0,9329.634545454544,900.0,112839.2,44005.11272727274
5599,15420,12,1285,1,128118,85.3,9317,6.43,7.07,97,1358.0,6872,33,True,0,800.0,31867.2,151.0,14.6,13881.0,3142.1841059602634,1000.0,41137.4,24577.20000000004
6546,31728,24,1322,1,1204953,100.0,12541,6.43,0.43,167,1358.0,99107,48,False,0,3240.0,32802.7,117.0,14.6,22267.5,5173.091452991451,600.0,56122.8,31139.74786324784
5414,185952,48,3874,1,125236,87.7,9675,6.43,7.68,100,1358.0,5190,53,False,0,35092.0,82385.2,34.0,68.7,57400.0,12283.385294117646,700.0,145318.2,50113.19411764706
5453,156672,36,4352,1,72541,36.9,8594,6.43,2.01,112,1358.0,1525,42,True,0,80.2,23286.1,75.0,11.2,10380.0,3313.364,500.0,41876.9,22927.502666666693
5740,18564,12,1547,1,1204953,100.0,12541,6.43,0.43,167,1358.0,99107,35,True,0,167.3,43265.7,13.0,24.0,25603.5,8589.66923076923,200.0,56498.4,35538.04615384616
5804,158976,48,3312,1,139012,61.9,8363,6.43,3.49,108,1358.0,2799,59,False,0,14.6,18879.4,156.0,14.6,48358.0,8573.476923076925,600.0,130293.2,49916.091025641086
6745,47304,24,1971,1,197099,74.7,9624,6.43,2.31,145,1358.0,4265,27,False,0,29500.0,62458.3,167.0,14.6,59900.0,13867.846706586832,400.0,148093.0,68740.02335329348
6950,104712,24,4363,1,323870,100.0,10673,6.43,5.44,100,1358.0,18347,54,False,0,200.0,25947.2,191.0,14.6,56400.0,11980.312565445032,400.0,147603.2,57357.84345549748
6996,126600,24,5275,1,75637,36.5,9622,6.43,0.59,154,1358.0,3529,59,False,0,21000.0,48720.6,132.0,14.6,47472.0,11683.987878787882,400.0,94043.3,47118.99318181818
5352,68400,12,5700,-1,228848,57.2,9893,6.43,4.72,96,1358.0,5887,22,True,0,147.7,23946.1,14.0,66.2,31037.0,7253.299999999998,800.0,51242.2,31793.735714285714
6151,225420,60,3757,1,117897,53.8,8814,6.43,5.74,107,1358.0,2059,50,True,0,6800.0,32403.4,51.0,14.6,20727.0,5452.343137254903,200.0,53271.6,31185.15686274509
5310,248148,36,6893,1,72541,36.9,8594,6.43,2.01,112,1358.0,1525,58,True,0,6100.0,41108.6,120.0,14.6,28960.0,5453.364999999996,600.0,67486.0,36063.78833333336
5045,187224,24,7801,-1,114200,43.7,8403,6.43,5.72,105,1358.0,2718,51,False,0,75.9,50846.7,88.0,0.2,51900.0,10834.715909090908,-243.3,92571.3,42084.311363636334
6929,36396,12,3033,1,1204953,100.0,12541,6.43,0.43,167,1358.0,99107,26,False,0,5119.0,45480.6,158.0,30.0,51700.0,11730.83987341772,800.0,125887.5,57977.03481012657
5151,189060,60,3151,1,149893,67.4,9753,6.43,5.05,109,1358.0,5892,40,True,0,3400.0,68945.6,30.0,100.0,60016.0,17833.45,200.0,101793.6,72242.8966666667
5212,71064,36,1974,1,85852,59.8,8965,6.43,8.23,104,1358.0,2822,52,True,0,3000.0,31397.0,86.0,14.6,22908.0,4896.447674418605,700.0,55373.3,34577.30232558139
5138,87216,48,1817,1,145688,40.7,8544,6.43,1.86,109,1358.0,2906,44,True,0,2400.0,29638.3,148.0,14.6,15608.0,2960.6979729729724,700.0,43787.3,30847.14932432436
5713,158760,60,2646,1,78955,59.0,9060,6.43,2.44,124,1358.0,1717,20,False,0,2900.0,19182.3,166.0,14.6,23810.0,4654.089156626504,900.0,59898.4,24908.761445783133
6704,417060,60,6951,1,45714,55.6,8843,6.43,3.6,113,1358.0,888,37,True,0,14.6,80978.7,74.0,14.6,52700.0,10583.993243243243,200.0,127508.6,58445.027027027056
6474,63360,60,1056,1,75685,60.8,8208,6.43,2.26,155,1358.0,2123,43,False,0,107.9,25649.6,119.0,14.6,12138.0,3181.7697478991595,700.0,40733.8,29108.363865546195
6676,29784,24,1241,1,170449,100.0,10787,6.43,3.09,131,1358.0,6261,29,True,0,11300.0,37920.3,12.0,59.4,17241.0,6943.350000000001,200.0,49220.3,27626.08333333333
6965,139536,24,5814,1,117897,53.8,8814,6.43,5.74,107,1358.0,2059,57,True,0,7400.0,36472.9,165.0,12.2,53200.0,14454.311515151518,800.0,151546.9,63889.87393939401
6725,265320,36,7370,1,51428,52.7,8402,6.43,3.98,120,1358.0,1099,50,True,0,7000.0,35289.8,148.0,14.6,26409.0,5332.347972972972,700.0,61993.3,35566.88108108106
7166,198240,24,8260,1,118650,85.6,9832,6.43,4.48,114,1358.0,5471,42,False,0,7303.0,44644.2,16.0,43.0,19455.0,7546.887500000001,300.0,51947.2,30953.143750000003
7138,60000,60,1000,1,226122,62.6,8994,6.43,4.79,110,1358.0,9208,52,False,0,82.9,16893.2,137.0,14.6,11049.0,2567.8445255474444,400.0,39393.9,24643.28394160584
5970,465072,48,9689,1,125832,48.3,8512,6.43,4.12,102,1358.0,2103,50,False,0,10200.0,37152.4,103.0,14.6,42880.0,8579.53495145631,300.0,79557.6,27778.74563106797
6157,98592,24,4108,1,92084,46.7,10124,6.43,0.54,141,1358.0,4316,35,True,0,2700.0,62671.9,26.0,68.7,36975.0,10807.380769230773,900.0,78713.7,54128.56538461536
6153,285600,60,4760,1,95616,51.4,9307,6.43,4.43,118,1358.0,3040,18,True,0,4200.0,28194.4,49.0,30.0,42729.0,10411.720408163264,1100.0,126077.1,49651.8918367347
5693,44088,24,1837,1,81344,55.3,8899,6.43,3.97,149,1358.0,2487,47,True,0,14.6,44368.6,32.0,14.6,24304.5,6617.940625,1000.0,55576.8,36548.818750000006
5922,20220,12,1685,1,81344,55.3,8899,6.43,3.97,149,1358.0,2487,25,True,0,14.6,31303.3,51.0,14.6,49397.0,9715.854901960784,500.0,122906.7,41077.63529411765
5959,107640,24,4485,1,88884,46.7,8507,6.43,1.85,132,1358.0,2674,39,True,0,35742.0,65325.4,23.0,14.6,53613.0,17488.552173913045,600.0,107783.7,50214.50434782609
5980,21396,12,1783,1,58796,51.9,9045,6.43,3.6,124,1358.0,1879,30,False,0,14075.0,24782.0,78.0,14.6,16048.0,4644.43717948718,1000.0,46848.9,30812.94615384616
6764,33984,48,708,1,197099,74.7,9624,6.43,2.31,145,1358.0,4265,26,False,0,10300.0,44465.4,70.0,14.6,20196.0,4598.144285714286,600.0,55077.5,38587.76000000001
5237,45336,24,1889,1,51428,52.7,8402,6.43,3.98,120,1358.0,1099,41,False,0,11900.0,40939.5,90.0,14.6,30436.0,7594.23222222222,800.0,71486.0,48152.95333333336
6726,85860,60,1431,1,88884,46.7,8507,6.43,1.85,132,1358.0,2674,43,True,0,156.1,39220.2,96.0,5.0,16713.0,3377.427083333332,1000.0,44713.5,30461.40416666668
6933,188688,48,3931,1,197099,74.7,9624,6.43,2.31,145,1358.0,4265,33,True,0,3592.0,23579.7,22.0,14.6,35378.0,10873.772727272726,400.0,71255.7,42203.17272727273
5145,309552,48,6449,1,226122,62.6,8994,6.43,4.79,110,1358.0,9208,63,False,0,16300.0,51799.4,35.0,14.6,58041.0,17429.002857142856,700.0,121713.2,56105.49999999996
7008,36168,12,3014,1,1204953,100.0,12541,6.43,0.43,167,1358.0,99107,37,False,0,3000.0,29138.1,36.0,14.6,27122.0,6931.622222222222,300.0,63738.0,39063.76666666667
7227,314520,60,5242,1,105606,53.0,8254,6.43,3.76,97,1358.0,2325,43,True,0,309.5,50517.0,130.0,30.0,56700.0,15168.362307692309,500.0,128119.4,63527.42000000002
6600,21852,36,607,1,125236,87.7,9675,6.43,7.68,100,1358.0,5190,44,False,0,26.0,42899.4,18.0,14.6,27736.5,9232.249999999998,700.0,60863.2,38509.05
6712,266220,60,4437,1,70646,58.4,8547,6.43,3.64,120,1358.0,1542,33,True,0,5200.0,38159.6,144.0,14.6,33190.0,5581.281249999997,900.0,66744.4,34922.881249999984
7057,231696,36,6436,1,1204953,100.0,12541,6.43,0.43,167,1358.0,99107,25,False,0,331.0,47174.7,126.0,30.0,60566.0,10683.372222222222,800.0,108575.3,45873.61666666672
7176,260028,36,7223,1,75637,36.5,9622,6.43,0.59,154,1358.0,3529,22,False,0,4782.0,69850.9,161.0,14.6,65008.0,12514.357142857149,200.0,124900.7,50676.819875776455
7304,419880,60,6998,1,1204953,100.0,12541,6.43,0.43,167,1358.0,99107,53,True,0,300.0,24704.4,18.0,39.0,64800.0,24426.472222222223,200.0,104039.9,59352.83333333334
6362,37908,12,3159,1,145688,40.7,8544,6.43,1.86,109,1358.0,2906,22,True,0,12300.0,46113.5,76.0,14.1,28431.0,7485.496052631577,800.0,69530.4,42164.02763157895
5880,73836,36,2051,1,119895,89.9,10446,6.43,9.4,90,1358.0,4743,31,True,0,22321.0,67453.1,19.0,19.1,44281.0,16708.05789473684,900.0,129607.8,55315.16842105263
6535,41952,12,3496,1,161854,76.3,9425,6.43,2.5,125,1358.0,3891,26,False,0,14.6,24672.8,105.0,14.6,31462.0,5890.407619047617,500.0,71527.0,41502.02571428572
5449,99336,24,4139,1,228848,57.2,9893,6.43,4.72,96,1358.0,5887,18,True,0,14.6,30824.1,52.0,14.6,16866.0,4348.373076923077,300.0,46568.0,27019.571153846144
6342,60156,36,1671,-1,93931,56.9,8427,6.43,1.54,107,1358.0,1913,22,False,0,53600.0,106112.8,56.0,14.6,53600.0,15972.280357142854,400.0,159712.8,72667.63571428567
5409,182040,60,3034,1,51428,52.7,8402,6.43,3.98,120,1358.0,1099,47,True,0,3000.0,38747.5,59.0,14.6,61557.0,17539.79661016949,600.0,110447.5,67475.90169491527
6955,244368,48,5091,1,114200,43.7,8403,6.43,5.72,105,1358.0,2718,28,False,0,5700.0,86194.1,144.0,100.0,57200.0,17859.127083333333,200.0,143453.3,75924.2409722223
6985,113796,36,3161,1,387570,100.0,9897,6.43,1.96,140,1358.0,18696,27,False,0,3500.0,34054.0,72.0,100.0,28446.0,6453.251388888889,500.0,58022.1,36840.57361111111
5125,73056,48,1522,1,119895,89.9,10446,6.43,9.4,90,1358.0,4743,28,False,0,5692.0,21545.7,51.0,14.6,8538.0,2445.3274509803928,500.0,33555.4,23255.14901960784
5805,137904,24,5746,-1,75637,36.5,9622,6.43,0.59,154,1358.0,3529,30,False,0,8100.0,35159.7,12.0,29.4,11878.0,6363.316666666666,600.0,43259.7,26886.19166666667
6185,31176,24,1299,1,1204953,100.0,12541,6.43,0.43,167,1358.0,99107,30,False,0,1600.0,50647.1,23.0,14.6,29418.0,9027.317391304348,700.0,65769.6,46304.15217391303
7243,217152,36,6032,1,226122,62.6,8994,6.43,4.79,110,1358.0,9208,24,False,2,226.2,42293.9,57.0,4.4,54286.0,12666.78245614035,400.0,109774.3,49107.06666666669
6403,194880,48,4060,1,323870,100.0,10673,6.43,5.44,100,1358.0,18347,19,False,0,14.6,31007.0,113.0,14.6,36536.0,8187.945132743361,300.0,71138.8,36421.42566371683
6578,27984,12,2332,1,139012,61.9,8363,6.43,3.49,108,1358.0,2799,49,False,0,8217.0,18380.5,76.0,30.0,47513.0,7289.584210526317,500.0,82352.4,30639.86315789472
5413,92976,24,3874,1,51313,59.2,8930,6.43,4.2,108,1358.0,1452,28,True,0,13386.0,21531.8,109.0,30.0,48996.0,12039.466972477065,300.0,122342.1,50436.466055045865
6949,104712,24,4363,1,51313,59.2,8930,6.43,4.2,108,1358.0,1452,28,True,0,13386.0,30115.3,108.0,30.0,48996.0,12019.660185185186,300.0,119752.3,52379.12870370368
6545,191880,60,3198,1,103347,67.0,9104,6.43,2.07,123,1358.0,2354,49,False,0,12269.0,78521.0,87.0,14.6,59200.0,12113.75517241379,400.0,128539.4,53685.78620689651
6178,232560,48,4845,1,323870,100.0,10673,6.43,5.44,100,1358.0,18347,28,True,0,11564.0,41243.5,27.0,100.0,39741.0,13066.725925925924,600.0,102665.9,63188.63333333334
5160,204000,60,3400,1,77917,53.5,8390,6.43,2.89,132,1358.0,2122,54,False,0,4500.0,45077.7,65.0,14.6,30604.0,7701.987692307691,400.0,68172.8,37809.39846153844
6785,125340,60,2089,1,1204953,100.0,12541,6.43,0.43,167,1358.0,99107,54,False,0,3713.0,19007.0,127.0,30.0,49974.0,9686.67244094488,500.0,110933.4,51145.51574803151
6540,309600,48,6450,1,226122,62.6,8994,6.43,4.79,110,1358.0,9208,23,False,0,22389.0,35488.1,56.0,30.0,58052.0,16045.60714285714,400.0,112363.1,58185.58928571428
6589,189696,24,7904,1,51428,52.7,8402,6.43,3.98,120,1358.0,1099,53,False,0,210.9,88662.1,89.0,30.0,57600.0,11582.991011235956,700.0,125386.9,54137.10561797752
5900,135360,48,2820,1,102609,52.0,8187,6.43,5.45,94,1358.0,2134,23,False,1,14.6,54868.9,77.0,14.6,48633.0,14958.594805194803,200.0,146479.5,64881.31428571429
5999,98832,48,2059,1,95907,59.1,8388,6.43,2.94,87,1358.0,1668,28,True,0,14.6,27169.8,177.0,14.6,23282.0,4382.094350282484,500.0,63095.4,31814.268361581904
6043,20352,48,424,1,109164,63.6,8757,6.43,3.95,96,1358.0,2471,50,True,0,3000.0,21281.5,48.0,14.6,12549.0,3609.741666666668,400.0,44427.9,31814.41458333332
5482,165120,60,2752,1,121947,70.5,8541,6.43,2.97,131,1358.0,3839,48,True,0,5500.0,23825.4,116.0,14.6,11210.0,3217.270689655172,1100.0,37946.3,24377.371551724114
7263,89880,24,3745,1,285387,89.9,10177,6.43,7.75,81,1358.0,10108,35,False,0,12300.0,39079.5,29.0,26.2,47100.0,13517.224137931033,800.0,116004.2,62571.28275862068
6013,128988,36,3583,-1,70646,58.4,8547,6.43,3.64,120,1358.0,1542,59,False,0,30.0,9680.2,82.0,0.1,42530.0,7562.665853658536,-36.1,78192.9,34740.702439024375
5750,63252,12,5271,1,94725,63.4,9920,6.43,2.87,130,1358.0,4846,49,True,0,31624.0,49709.2,164.0,14.6,47436.0,9457.76036585366,13097.7,86343.2,49291.82256097561
6027,61656,24,2569,-1,53921,41.3,8598,6.43,3.26,123,1358.0,1875,45,True,0,15200.0,59695.5,12.0,36.9,47337.0,16007.958333333334,400.0,89256.9,44763.458333333336
6303,72408,24,3017,-1,51313,59.2,8930,6.43,4.2,108,1358.0,1452,40,True,0,14000.0,36363.9,13.0,96.5,49634.0,13997.223076923075,700.0,83619.5,45099.26153846154
7213,113544,36,3154,1,114200,43.7,8403,6.43,5.72,105,1358.0,2718,56,False,0,4408.0,13386.8,71.0,14.6,28386.0,6453.483098591549,700.0,68048.1,33990.419718309866
6659,56100,60,935,1,387570,100.0,9897,6.43,1.96,140,1358.0,18696,40,False,0,6216.0,15407.2,68.0,14.6,13986.0,3856.601470588236,1000.0,45346.1,20158.00147058824
6175,290700,60,4845,-1,139012,61.9,8363,6.43,3.49,108,1358.0,2799,39,True,0,14400.0,11574.8,100.0,5.1,56400.0,14274.571000000002,-2825.2,129626.3,59647.42399999998
5610,123216,48,2567,1,85852,59.8,8965,6.43,8.23,104,1358.0,2822,21,True,0,3400.0,77580.8,128.0,14.6,59200.0,12136.38203125,700.0,138433.7,70622.83359375004
5563,380160,60,6336,1,323870,100.0,10673,6.43,5.44,100,1358.0,18347,49,False,0,6100.0,24549.6,109.0,14.6,62500.0,15887.993577981655,1100.0,147375.1,64777.07522935782
5989,213300,36,5925,1,162580,72.8,9538,6.43,1.81,111,1358.0,5410,34,False,0,106.1,27341.3,59.0,14.6,13600.0,3730.2016949152553,400.0,42443.7,27951.913559322016
6698,247728,48,5161,1,1204953,100.0,12541,6.43,0.43,167,1358.0,99107,19,False,0,2539.0,52551.7,50.0,30.0,57900.0,12112.076,200.0,108390.1,60054.73400000001
5312,202788,36,5633,1,51313,59.2,8930,6.43,4.2,108,1358.0,1452,45,True,0,11994.0,81623.6,79.0,30.0,72298.0,16141.211392405066,1100.0,139880.9,57124.26835443034
7189,154656,48,3222,1,161227,69.7,8678,6.43,5.57,102,1358.0,4595,42,False,0,4500.0,37180.5,89.0,14.6,28994.0,6653.895505617976,1000.0,61782.0,31791.328089887666
6816,100224,48,2088,-1,285387,89.9,10177,6.43,7.75,81,1358.0,10108,41,True,0,15100.0,31387.1,18.0,26.5,18792.0,4932.616666666667,700.0,46487.1,28124.93333333333
6137,44628,12,3719,1,53921,41.3,8598,6.43,3.26,123,1358.0,1875,55,False,0,47710.0,80439.7,146.0,30.0,71565.0,14238.080821917803,900.0,112689.5,49477.32123287669
5128,215616,48,4492,-1,42821,48.4,8173,6.43,7.01,124,1358.0,1358,41,False,0,3400.0,8640.6,61.0,6.8,23130.0,5273.670491803279,-3424.6,50124.8,21447.624590163923
5470,200976,48,4187,1,114200,43.7,8403,6.43,5.72,105,1358.0,2718,43,False,0,25124.0,47431.4,35.0,14.6,37686.0,11032.88857142857,600.0,83553.5,47938.06571428571
5593,277884,36,7719,-1,105606,53.0,8254,6.43,3.76,97,1358.0,2325,18,True,0,8000.0,11614.0,117.0,14.6,53200.0,10720.307692307695,1000.0,129394.2,46487.00256410256
5350,249312,48,5194,1,170449,100.0,10787,6.43,3.09,131,1358.0,6261,43,False,0,5300.0,55426.5,60.0,30.0,47112.0,9995.911666666663,900.0,88597.4,35914.85499999999
6063,320976,48,6687,-1,1204953,100.0,12541,6.43,0.43,167,1358.0,99107,62,False,0,9100.0,46462.2,50.0,14.6,70071.0,15093.958,1000.0,130775.0,49482.96800000001
6501,30276,12,2523,-1,103347,67.0,9104,6.43,2.07,123,1358.0,2354,59,True,0,18500.0,24930.3,92.0,14.6,22708.0,5028.0456521739125,1000.0,58621.4,31318.872826086943
5452,49440,60,824,1,285387,89.9,10177,6.43,7.75,81,1358.0,10108,32,True,0,8000.0,45021.6,110.0,4.0,30378.0,5547.669999999998,300.0,74419.8,47798.86545454537
4961,30276,12,2523,-1,103347,67.0,9104,6.43,2.07,123,1358.0,2354,59,True,0,15139.0,15854.0,80.0,14.6,22708.0,5856.299999999998,715.0,58157.5,25197.09249999999
4973,165960,24,6915,1,93931,56.9,8427,6.43,1.54,107,1358.0,1913,54,True,0,14.6,23689.2,125.0,14.6,62235.0,12822.353600000004,700.0,107069.6,52523.24480000005
6190,123600,60,2060,1,285387,89.9,10177,6.43,7.75,81,1358.0,10108,31,False,0,14.6,15505.6,49.0,14.6,47109.0,9121.306122448976,300.0,105255.7,39514.6775510204
6715,220620,60,3677,1,70646,58.4,8547,6.43,3.64,120,1358.0,1542,55,True,0,14.6,26428.9,128.0,14.6,33096.0,6331.021874999999,1100.0,70272.7,36907.45625
5892,66480,24,2770,-1,182027,56.4,8746,6.43,3.74,90,1358.0,4433,63,False,0,206.5,34891.2,10.0,20.0,49631.0,13609.12,900.0,77551.0,34798.28
6550,320592,48,6679,1,145688,40.7,8544,6.43,1.86,109,1358.0,2906,28,True,2,5800.0,69148.6,88.0,14.6,60108.0,13875.417045454547,500.0,117827.8,60781.306818181794
5706,161496,36,4486,1,226122,62.6,8994,6.43,4.79,110,1358.0,9208,27,False,0,1600.0,29371.5,130.0,8.0,64900.0,6844.426923076923,500.0,113865.5,33219.90000000003
5148,284280,60,4738,1,114006,62.3,9065,6.43,5.39,123,1358.0,4166,40,True,0,4600.0,94617.3,94.0,14.6,56800.0,14790.5,300.0,109361.9,64182.6414893617
6734,173016,36,4806,1,177686,74.8,10045,6.43,1.71,135,1358.0,6295,53,True,0,25600.0,88331.6,94.0,30.0,62700.0,13519.828723404256,300.0,123928.2,61799.24361702124
6109,368880,60,6148,1,125832,48.3,8512,6.43,4.12,102,1358.0,2103,24,False,0,299.4,105727.0,182.0,9.7,64500.0,11574.08296703297,1100.0,151062.3,60030.74340659332
6961,176148,36,4893,1,85852,59.8,8965,6.43,8.23,104,1358.0,2822,35,True,0,209.3,53592.6,13.0,34.9,34881.0,17599.438461538462,1100.0,83783.4,47154.5
6810,186384,48,3883,1,128118,85.3,9317,6.43,7.07,97,1358.0,6872,39,False,0,70.9,20960.7,190.0,30.0,60600.0,11952.684210526311,700.0,129557.3,61578.30157894749
5494,360000,48,7500,1,197099,74.7,9624,6.43,2.31,145,1358.0,4265,25,True,0,34500.0,64765.2,136.0,0.3,73228.0,14897.402205882352,600.0,126072.0,51149.65514705883
5311,30060,60,501,1,72541,36.9,8594,6.43,2.01,112,1358.0,1525,47,False,2,29412.0,48523.3,186.0,14.6,29412.0,4858.978494623655,500.0,69382.9,37213.40752688176
5445,46320,24,1930,1,133777,84.7,8705,6.43,7.61,116,1358.0,4859,19,False,0,3100.0,23552.7,178.0,14.6,61600.0,8064.270224719102,900.0,119892.5,43657.81348314611
5301,141948,36,3943,1,228848,57.2,9893,6.43,4.72,96,1358.0,5887,48,True,0,176.6,47239.7,10.0,49.6,28840.0,8963.98,800.0,63263.1,32592.68
7034,19044,36,529,1,122603,80.0,8991,6.43,2.01,128,1358.0,5273,24,True,0,16084.0,50167.6,69.0,14.2,24126.0,6600.440579710144,600.0,64981.1,43121.75507246377
6751,85716,36,2381,1,74062,61.4,8114,6.43,2.62,119,1358.0,1181,60,False,0,15900.0,36516.9,19.0,52.5,21430.0,7206.157894736842,800.0,52782.7,31337.25789473684
6667,155880,24,6495,1,114006,62.3,9065,6.43,5.39,123,1358.0,4166,30,True,0,8305.0,44564.6,142.0,14.6,60700.0,12237.18309859155,1000.0,164648.6,63263.14718309857
6130,32640,48,680,1,161854,76.3,9425,6.43,2.5,125,1358.0,3891,56,False,0,4100.0,18800.0,107.0,14.6,20700.0,2772.7598130841125,300.0,43206.0,25906.4093457944
5429,20196,36,561,1,1204953,100.0,12541,6.43,0.43,167,1358.0,99107,27,False,0,5742.0,65684.6,96.0,14.6,35469.0,8501.322916666664,200.0,77158.8,52636.598958333314
5725,444864,48,9268,1,197099,74.7,9624,6.43,2.31,145,1358.0,4265,34,False,0,10500.0,41743.9,64.0,14.6,25862.0,6433.1765625,800.0,62903.5,32404.7734375
6019,11400,12,950,1,387570,100.0,9897,6.43,1.96,140,1358.0,18696,18,True,0,2200.0,27820.2,77.0,14.6,10734.0,2434.2441558441565,300.0,39514.1,27533.66363636363
6421,96768,36,2688,1,85852,59.8,8965,6.43,8.23,104,1358.0,2822,30,True,0,5200.0,37396.4,66.0,13.4,64100.0,13244.225757575754,900.0,117830.9,51611.34242424239
6992,133968,48,2791,1,139012,61.9,8363,6.43,3.49,108,1358.0,2799,55,False,2,993.0,34729.5,79.0,14.6,60800.0,9939.873417721516,200.0,117458.5,46772.31518987341
5136,187104,24,7796,1,226122,62.6,8994,6.43,4.79,110,1358.0,9208,21,True,0,43502.0,133377.7,25.0,2.5,49500.0,19621.448,300.0,137193.5,66292.37199999999
5337,162468,36,4513,1,105058,81.0,9272,6.43,3.22,118,1358.0,4505,41,True,0,1800.0,74638.8,15.0,70.9,40614.0,15082.586666666666,700.0,83862.8,51279.553333333344
5495,89340,60,1489,1,110643,51.9,8441,6.43,4.48,115,1358.0,2252,27,True,0,210.4,41537.2,44.0,14.6,17313.0,4662.468181818183,500.0,54020.1,39644.76363636365
7013,89340,60,1489,1,110643,51.9,8441,6.43,4.48,115,1358.0,2252,27,True,0,203.8,42242.2,44.0,14.6,17313.0,4646.670454545455,500.0,54628.1,40005.48181818184
6012,258444,36,7179,1,1204953,100.0,12541,6.43,0.43,167,1358.0,99107,32,False,0,206.4,53892.1,16.0,141.4,31830.0,8680.756249999999,600.0,61790.4,40688.1375
6471,155640,24,6485,1,95616,51.4,9307,6.43,4.43,118,1358.0,3040,55,True,0,187.9,40509.2,105.0,14.6,34486.0,5793.879999999999,500.0,72838.9,45183.34952380955
6296,270384,48,5633,1,75232,41.7,8980,6.43,2.21,111,1358.0,2813,36,False,0,33797.0,57835.1,87.0,14.6,50696.0,12403.506896551722,700.0,91294.4,47654.24482758615
7305,54024,12,4502,1,117897,53.8,8814,6.43,5.74,107,1358.0,2059,30,False,2,14.6,25682.6,147.0,14.6,40521.0,8708.722448979594,1000.0,81705.8,36480.18503401359
6144,44376,12,3698,1,58796,51.9,9045,6.43,3.6,124,1358.0,1879,36,False,0,14463.0,68241.5,39.0,14.6,54100.0,15332.38717948718,800.0,124090.0,53505.215384615374
6283,85632,48,1784,1,197099,74.7,9624,6.43,2.31,145,1358.0,4265,49,True,0,48419.0,117238.7,85.0,14.6,60800.0,15232.292941176467,800.0,156504.1,65066.73529411768
7246,148920,60,2482,1,108871,62.1,8444,6.43,3.47,106,1358.0,2305,21,False,0,2900.0,15278.6,31.0,30.0,22780.0,7832.083870967742,400.0,63289.9,32435.31935483869
5088,91152,24,3798,1,105058,81.0,9272,6.43,3.22,118,1358.0,4505,56,False,2,3800.0,39378.8,77.0,14.6,34184.0,9452.944155844154,400.0,72327.7,44829.54415584412
5988,141648,24,5902,1,139012,61.9,8363,6.43,3.49,108,1358.0,2799,46,False,0,35111.0,123310.1,18.0,55.6,42127.0,14106.122222222222,200.0,123310.1,45100.42222222222
5282,388512,48,8094,-1,42821,48.4,8173,6.43,7.01,124,1358.0,1358,29,True,0,35300.0,38697.3,120.0,2.4,44700.0,7319.423333333334,-2838.8,84743.5,21371.32
5938,402000,60,6700,1,149893,67.4,9753,6.43,5.05,109,1358.0,5892,18,False,0,2828.0,17232.1,54.0,14.6,9500.0,3029.8888888888896,200.0,35650.8,21568.9351851852
5606,253512,36,7042,-1,108871,62.1,8444,6.43,3.47,106,1358.0,2305,53,True,0,8900.0,13318.4,29.0,13.4,40419.0,11379.258620689658,300.0,111044.2,37095.84482758618
5385,71460,36,1985,1,1204953,100.0,12541,6.43,0.43,167,1358.0,99107,18,True,0,14.6,49648.9,31.0,14.6,33669.0,10132.91935483871,700.0,76403.1,49220.9806451613
6865,29448,12,2454,-1,226122,62.6,8994,6.43,4.79,110,1358.0,9208,51,False,0,14727.0,43790.6,11.0,63.8,22090.0,8271.872727272728,800.0,43790.6,28977.436363636363
5586,48744,36,1354,1,148545,53.5,8909,6.43,5.56,113,1358.0,3590,34,True,0,19069.0,62891.3,14.0,53.7,28603.5,11392.235714285713,900.0,62891.3,42930.20714285715
6302,181020,60,3017,1,78955,59.0,9060,6.43,2.44,124,1358.0,1717,32,True,0,18100.0,45526.0,93.0,14.6,27150.0,7273.759139784944,500.0,60475.3,34005.90645161289
7194,68832,36,1912,1,1204953,100.0,12541,6.43,0.43,167,1358.0,99107,39,False,0,1500.0,51540.7,53.0,14.6,28353.0,7828.981132075471,700.0,61939.6,37557.05471698113
6461,74124,36,2059,1,107870,58.0,8754,6.43,4.31,137,1358.0,3868,59,True,0,1080.0,25658.0,122.0,30.0,49816.0,9023.625409836066,400.0,159765.9,54371.29918032791
6732,174048,48,3626,1,162580,72.8,9538,6.43,1.81,111,1358.0,5410,46,True,0,10800.0,54140.4,69.0,14.6,49461.0,13503.12608695652,600.0,127067.6,72968.3811594203
6613,84120,24,3505,1,42821,48.4,8173,6.43,7.01,124,1358.0,1358,48,True,0,13484.0,45528.9,19.0,30.0,47952.0,14769.1,900.0,89570.9,56910.689473684215
7036,194940,36,5415,1,112065,69.4,11277,6.43,1.44,127,1358.0,4987,34,False,0,4700.0,34212.3,91.0,1.3,58700.0,12668.317582417583,600.0,138172.6,56669.78791208786
5897,15192,24,633,1,122603,80.0,8991,6.43,2.01,128,1358.0,5273,26,True,0,4080.0,17351.9,169.0,14.6,21513.0,4099.694674556212,500.0,48157.1,29941.9053254438
6995,96168,12,8014,1,197099,74.7,9624,6.43,2.31,145,1358.0,4265,26,True,0,14700.0,3609.3,149.0,24.8,53500.0,8240.56174496644,600.0,138010.1,50492.688590603946
5415,139464,36,3874,-1,182027,56.4,8746,6.43,3.74,90,1358.0,4433,40,False,0,9125.0,65062.8,31.0,20.2,36854.0,8131.070967741934,300.0,65062.8,31532.748387096784
7136,54396,36,1511,1,110643,51.9,8441,6.43,4.48,115,1358.0,2252,59,False,0,1500.0,36208.8,23.0,14.6,11244.0,3853.8260869565215,800.0,42308.8,30293.708695652185
7271,392460,60,6541,1,107870,58.0,8754,6.43,4.31,137,1358.0,3868,18,True,0,14.6,53245.1,143.0,14.6,58870.0,12882.523076923082,900.0,115913.4,57131.7405594406
5375,101520,12,8460,1,1204953,100.0,12541,6.43,0.43,167,1358.0,99107,22,True,0,14.6,16720.8,38.0,14.6,18513.0,5370.042105263158,400.0,43218.7,26449.09210526316
5635,77184,36,2144,1,1204953,100.0,12541,6.43,0.43,167,1358.0,99107,44,True,0,600.0,22446.0,77.0,14.6,63600.0,14561.257142857145,200.0,142917.9,50722.27012987011
6817,70656,48,1472,1,1204953,100.0,12541,6.43,0.43,167,1358.0,99107,46,False,0,7100.0,22476.1,53.0,14.6,26080.0,5188.33962264151,600.0,55343.2,32646.85094339623
5923,64656,48,1347,1,67298,43.8,8561,6.43,1.29,110,1358.0,1127,51,False,0,13609.0,44749.0,12.0,62.9,13609.0,6379.075,200.0,44749.0,25896.466666666664
5329,396120,60,6602,1,51428,52.7,8402,6.43,3.98,120,1358.0,1099,48,True,0,39610.0,88610.1,95.0,30.0,59415.0,15418.108421052631,500.0,104859.1,58855.27789473691
6644,93600,24,3900,1,81344,55.3,8899,6.43,3.97,149,1358.0,2487,26,False,0,3231.0,26235.8,55.0,14.6,45287.0,7856.412727272725,900.0,96108.3,40078.70727272725
6354,22968,36,638,1,93931,56.9,8427,6.43,1.54,107,1358.0,1913,48,True,0,8155.0,38831.0,11.0,16.3,8200.0,4184.636363636364,1000.0,38831.0,23324.936363636363
5082,262980,60,4383,1,53921,41.3,8598,6.43,3.26,123,1358.0,1875,32,True,0,43444.0,76081.3,56.0,14.6,44022.0,7310.239285714285,900.0,78574.3,41729.61607142857
6585,372120,60,6202,1,197099,74.7,9624,6.43,2.31,145,1358.0,4265,53,False,0,12800.0,46580.5,172.0,14.6,63300.0,15182.096511627911,500.0,128495.4,64044.04593023261
6921,86184,12,7182,1,285387,89.9,10177,6.43,7.75,81,1358.0,10108,58,True,0,18346.0,43157.5,42.0,14.6,64642.0,16523.60238095238,300.0,128146.0,59935.27142857143
5366,86184,12,7182,1,285387,89.9,10177,6.43,7.75,81,1358.0,10108,58,True,0,18346.0,39660.8,42.0,14.6,64642.0,16607.014285714282,300.0,128146.0,60273.67857142853
5886,192744,36,5354,1,145688,40.7,8544,6.43,1.86,109,1358.0,2906,34,False,0,8400.0,27799.1,26.0,14.6,49871.0,15435.05769230769,200.0,128778.8,62590.42307692309
5741,68544,24,2856,1,114006,62.3,9065,6.43,5.39,123,1358.0,4166,22,False,0,139.3,23759.8,54.0,30.0,44342.0,8948.183333333334,900.0,94207.7,44948.62592592594
4996,88440,12,7370,1,128118,85.3,9317,6.43,7.07,97,1358.0,6872,53,True,0,282.6,79007.6,31.0,100.0,47976.0,14850.767741935484,200.0,103239.0,62778.09032258065
6015,110112,24,4588,1,107911,50.9,8240,6.43,3.56,99,1358.0,1903,35,False,0,28800.0,106858.1,82.0,14.6,52500.0,17234.715853658538,700.0,135658.1,76232.70000000003
6309,110136,24,4589,1,1204953,100.0,12541,6.43,0.43,167,1358.0,99107,40,True,0,4891.0,40746.5,63.0,14.6,60700.0,11660.536507936504,400.0,140542.8,50815.80476190475
6073,276300,60,4605,1,197099,74.7,9624,6.43,2.31,145,1358.0,4265,22,False,0,3950.0,27578.1,92.0,14.6,8888.0,3104.776086956522,500.0,40755.0,25997.563043478272
6006,359760,60,5996,1,161854,76.3,9425,6.43,2.5,125,1358.0,3891,19,False,0,4710.0,39959.4,48.0,14.6,51700.0,8082.339583333332,900.0,127807.6,32434.69375000001
5611,321180,60,5353,1,177686,74.8,10045,6.43,1.71,135,1358.0,6295,62,False,0,14723.0,37183.5,38.0,14.6,48180.0,13585.02894736842,700.0,90257.3,40524.463157894745
6944,46176,48,962,1,145688,40.7,8544,6.43,1.86,109,1358.0,2906,32,False,0,700.0,38725.1,17.0,64.5,18109.0,8573.594117647057,1000.0,54705.1,33613.10588235293
7101,421008,48,8771,1,177686,74.8,10045,6.43,1.71,135,1358.0,6295,45,False,0,4800.0,31168.0,50.0,14.6,31540.0,8521.962,600.0,72330.4,37436.421999999984
6599,72120,12,6010,1,139012,61.9,8363,6.43,3.49,108,1358.0,2799,46,True,0,7000.0,98631.7,102.0,14.6,54092.0,14376.881372549024,1000.0,109338.9,75686.06568627455
6940,228276,36,6341,1,1204953,100.0,12541,6.43,0.43,167,1358.0,99107,37,False,0,14859.0,53707.9,20.0,14.6,22288.0,7186.860000000001,500.0,60236.6,41402.135
5209,182640,48,3805,1,145688,40.7,8544,6.43,1.86,109,1358.0,2906,56,True,0,900.0,23898.3,40.0,11.5,34246.0,9227.6,600.0,64411.8,37802.23000000001
5388,61560,12,5130,1,51313,59.2,8930,6.43,4.2,108,1358.0,1452,55,False,0,10303.0,20051.1,71.0,30.0,46166.0,9739.39718309859,200.0,73559.9,32967.71267605635
6011,179328,48,3736,1,387570,100.0,9897,6.43,1.96,140,1358.0,18696,25,False,0,15700.0,36074.7,52.0,14.6,34960.0,8935.784615384613,200.0,81614.7,44093.97115384616
5591,155616,48,3242,1,92084,46.7,10124,6.43,0.54,141,1358.0,4316,39,True,0,7500.0,24447.1,30.0,14.6,29176.0,9151.153333333332,300.0,62153.6,39426.06999999999
7154,417600,60,6960,1,157042,33.9,8743,6.43,2.43,111,1358.0,3894,28,False,3,4500.0,58638.6,34.0,100.0,36305.0,8159.970588235291,200.0,87052.1,43196.74411764705
7130,123408,24,5142,1,119895,89.9,10446,6.43,9.4,90,1358.0,4743,34,False,3,1807.0,8357.1,65.0,67.5,46000.0,5789.864615384616,700.0,85626.9,28359.255384615382
6818,155616,48,3242,1,226122,62.6,8994,6.43,4.79,110,1358.0,9208,27,True,0,14600.0,60694.1,172.0,14.6,36960.0,4895.974418604649,200.0,75294.1,44197.50988372092
5625,222180,60,3703,-1,45714,55.6,8843,6.43,3.6,113,1358.0,888,59,False,0,6900.0,59578.8,59.0,14.6,52600.0,11725.494915254236,800.0,130659.1,55230.44406779658
6805,45024,48,938,1,285387,89.9,10177,6.43,7.75,81,1358.0,10108,41,True,0,17800.0,38384.3,39.0,14.6,31636.5,7779.815384615385,800.0,63659.3,41994.90769230771
7233,115812,36,3217,1,93931,56.9,8427,6.43,1.54,107,1358.0,1913,45,False,0,3100.0,41878.1,124.0,14.6,50800.0,13280.084677419358,1100.0,119527.2,56646.51612903229
7308,129408,24,5392,1,106054,63.1,8110,6.43,6.55,109,1358.0,3079,36,True,0,4780.0,24199.5,107.0,14.6,24212.0,4550.302803738317,1000.0,56055.6,30869.78130841124
